Time series;Closing price;MA-15;MACD-26;RSI-14;WR-14;D-3;K-14;Trend;Trading signals
1;376.28;0.7911392405063049;0.903318896419015;0.0;0.0;0.0;0.6716633948042207;no;0.43491124260354325
2;376.72;1.0;0.7391081583989274;1.0;0.33069306930692116;0.7286080980641838;0.8662076719220998;no;0.33465346534653906
3;373.34;0.0;0.0;0.0;1.0;1.0;0.0;no;0.0
4;378.39;0.0;0.0;0.7772437120860958;0.333333333333341;0.7542349179376969;0.0;no;0.33333333333332965
5;379.25;1.0;1.0;1.0;0.0;1.0;1.0;no;0.5
6;376.67;1.0;1.0;1.0;0.0;1.0;1.0;no;0.5
7;365.2;1.0;0.0;0.0;1.0;0.012409279175059951;0.0;no;0.0
8;374.95;0.018796992481817588;0.0;0.0;1.0;0.0;0.0;no;0.0
9;375.07;0.817079269817383;0.7151676630646063;0.8032842411600819;0.14681892332789662;0.0;0.7350906500092856;no;0.4265905383360517
10;376.87;1.0;1.0;1.0;0.0;1.0;1.0;no;0.5
11;364.61;1.0;1.0;1.0;0.0;1.0;1.0;no;0.5
12;350.49;1.0;1.0;0.8712777859438905;0.4383678251398143;1.0;1.0;no;0.5
13;348.13;1.0;1.0;0.0;1.0;1.0;0.8416160276203877;no;0.0
14;348.98;1.0;1.0;0.0;1.0;0.0;0.0;no;0.0
15;354.48;1.0;1.0;1.0;0.0;0.0;0.7573351074832062;down;0.5
16;351.45;1.0;1.0;1.0;0.0;1.0;1.0;down;0.5
17;350.17;1.0;1.0;1.0;0.0;1.0;1.0;down;0.5
18;350.17;1.0;1.0;1.0;0.0;1.0;1.0;down;0.5
19;330.02;1.0;1.0;1.0;1.0;1.0;1.0;down;0.5
20;321.1;1.0;1.0;0.32143262695294694;1.0;1.0;0.8529037623045949;down;0.5
21;312.17;1.0;1.0;0.0;1.0;0.0;0.0;down;0.0
22;318.0;1.0;0.0;0.0;1.0;0.0;0.0;down;0.0
23;329.99;1.0;0.262733851276627;0.48002857904314006;0.4507508026982012;0.0;0.0;down;0.46404341926730175
24;323.15;1.0;0.0;0.0;1.0;0.0;0.0;down;0.0
25;330.52;1.0;0.0;0.39282032782770226;0.40547984221244526;0.0;0.0;down;0.31385767790262104
26;335.49;1.0;1.0;1.0;0.0;1.0;1.0;down;0.5
27;322.14;1.0;0.34020427023764765;0.13719679430378978;0.9203810734952785;1.0;0.34880777128497464;down;0.11966927763272402
28;319.39;1.0;0.0;0.0;0.8718168482748142;0.955215994960833;0.0;down;0.11674449633088718
29;330.88;1.0;1.0;1.0;0.0;1.0;1.0;down;0.5
30;315.89;1.0;1.0;0.33876719135548755;0.6269488045184961;1.0;1.0;down;0.3
31;316.63;1.0;1.0;1.0;0.0;1.0;1.0;down;0.5
32;314.78;1.0;0.585910449878477;0.2167835127693696;0.9428975086127627;0.82600706975256;0.4387646019858501;down;0.1942544459644305
33;311.94;1.0;0.0;0.0;1.0;0.0;0.0;down;0.0
34;319.25;1.0;0.0;1.0;0.0;0.0;1.0;down;0.5
35;316.31;0.864332603938703;0.8594383343230307;0.9863149027282564;0.0;0.0;1.0;down;0.49672131147541004
36;316.51;1.0;1.0;1.0;0.0;1.0;1.0;no;0.5
37;286.01;1.0;1.0;0.634941293984715;1.0;1.0;0.8016962080866054;no;0.5
38;264.62;1.0;1.0;0.0;1.0;1.0;0.0;no;0.0
39;276.8;1.0;1.0;0.0;1.0;0.0;0.0;no;0.0
40;276.8;1.0;1.0;0.0;1.0;0.0;0.0;down;0.0
41;276.8;1.0;1.0;0.0;1.0;1.0;0.0;down;0.0
42;276.8;1.0;0.0;0.0;1.0;1.0;0.0;down;0.0
43;276.8;1.0;0.0;0.0;1.0;1.0;0.0;down;0.0
44;276.8;1.0;0.0;1.0;0.0;1.0;0.5776656450729829;down;0.5
45;276.8;1.0;1.0;1.0;0.0;1.0;1.0;down;0.5
46;268.16;1.0;1.0;1.0;0.0;1.0;1.0;down;0.5
47;221.0;1.0;1.0;0.27792090986110196;1.0;0.8972446166705917;0.7066583907538915;down;0.5
48;162.0;1.0;1.0;0.0;1.0;0.0;0.0;down;0.0
49;208.81;1.0;1.0;1.0;0.26145264285993997;0.0;0.0;down;0.5
50;206.6;1.0;1.0;0.24758079144451642;1.0;0.0;0.0;down;0.28710247349823337
51;200.1;1.0;0.0;0.0;1.0;0.0;0.0;down;0.0
52;211.42;1.0;0.0;0.0;1.0;0.0;0.0;down;0.029310344827584135
53;216.88;1.0;0.0;0.18844779638108772;0.6687607081667623;0.0;0.0;down;0.16561964591661868
54;211.08;1.0;0.0;0.0;1.0;0.0;0.0;down;0.0
55;228.59;1.0;0.0;0.0;1.0;0.0;0.0;down;0.0
56;233.0;1.0;0.0;0.0;1.0;0.0;0.0;no;0.0
57;233.03;1.0;0.0;0.0;1.0;0.0;0.0;no;0.0
58;249.99;1.0;0.0;0.0;0.5702159753460743;0.0;0.0;no;0.0
59;253.09;1.0;0.0;0.0;0.0;1.0;0.0;no;0.0
60;269.5;0.3401315789473885;0.0;1.0;0.0;1.0;1.0;no;0.5
61;262.99;0.0;0.0;1.0;0.0;1.0;1.0;no;0.5
62;236.2;0.0;0.8065558176721611;1.0;0.0;1.0;1.0;no;0.5
63;234.75;0.0;1.0;1.0;0.0;1.0;1.0;no;0.5
64;232.6;0.0;1.0;1.0;0.0;1.0;1.0;no;0.5
65;217.98;0.0;0.8559999110041342;0.09503357000106;0.6224009771544482;1.0;1.0;no;0.06862321968062106
66;214.8;0.0;0.0;0.0;1.0;0.0;0.6331292983549387;no;0.0
67;237.97;0.0;0.0;1.0;0.0;0.0;1.0;no;0.5
68;227.35;0.0;0.5492537144276263;1.0;0.0;0.4846027043713806;1.0;no;0.5
69;227.0;1.0;1.0;1.0;0.0;1.0;1.0;no;0.5
70;217.0;1.0;0.0;0.0;1.0;0.0;1.0;no;0.0
71;222.88;1.0;0.0;0.0;1.0;0.0;0.1753447933025539;no;0.0
72;228.61;1.0;0.0;1.0;0.0;0.0;1.0;no;0.5
73;224.19;1.0;0.0;1.0;1.0;1.0;0.0;down;0.5
74;220.72;1.0;0.0;0.8438791142505374;1.0;1.0;0.0;down;0.43715846994535745
75;220.95;1.0;0.0;0.3951017501847561;1.0;0.40897166225153997;0.0;down;0.2739520958083806
76;219.12;1.0;0.0;0.0;1.0;0.0;0.0;down;0.0
77;222.46;0.0;0.0;0.0;1.0;0.0;0.0;down;0.0
78;236.86;0.0;0.0;0.19665398167988257;0.31241434598675577;0.0;0.0;no;0.059648388447049484
79;257.9;0.0;0.0;1.0;0.0;1.0;1.0;no;0.5
80;234.01;0.0;0.0;0.0;1.0;1.0;1.0;no;0.0
81;236.55;0.0;0.0;0.15257772158014984;0.9171210468920379;1.0;0.22019362910560808;no;0.04143947655398135
82;244.96;0.0;0.0;1.0;0.0;1.0;1.0;up;1.0
83;235.79;0.0;0.0;0.0;1.0;0.0;0.0;up;0.5
84;242.67;0.0;0.0;0.0;1.0;0.0;0.0;up;0.5
85;246.1;0.0;0.0;1.0;0.0;0.0;0.5791868104065585;up;1.0
86;245.87;0.0;1.0;1.0;0.0;1.0;1.0;up;1.0
87;236.68;0.0;1.0;0.0;1.0;1.0;1.0;up;0.5
88;238.92;0.0;0.7939107032974768;0.5808571906959041;0.0;1.0;1.0;up;0.7721893491124228
89;239.69;0.0;1.0;1.0;0.0;0.029585401883540183;1.0;up;1.0
90;238.0;0.0;0.18716009987392315;0.0866769022473048;0.7769604765613335;0.34259844284843793;0.4935727686033969;no;0.03973105134474359
91;236.7;0.0;0.0;0.0;1.0;0.0;0.0;no;0.0
92;253.06;0.0;0.0;0.03655687121889596;0.9896392839332357;0.0;0.0;no;0.014134275618376706
93;252.98;0.05226306576642825;0.0;0.0;1.0;0.0;0.0;no;0.0
94;255.81;0.0;0.0;0.0;1.0;0.0;0.0;no;0.0
95;274.0;0.0;0.0;0.7217743813253837;0.0;0.0;0.0;no;0.22737186477644541
96;279.0;0.0;0.0;1.0;0.0;1.0;1.0;no;0.5
97;269.83;0.0;0.0;0.0;1.0;1.0;0.0;no;0.0
98;273.8;0.0;0.0;0.3764471813294007;0.7682403433476294;1.0;0.02936625952680258;up;0.6158798283261855
99;273.26;0.0;0.0;0.0;1.0;1.0;0.0;up;0.5
100;275.59;0.0;0.0;0.1082210173406342;0.9139627813537538;0.7120252272910542;0.0;up;0.5289017341040457
101;274.89;0.0;0.0;0.0;1.0;0.0;0.0;up;0.5
102;287.0;0.0;0.0;0.0;0.12190717520788777;0.0;0.0;up;0.5
103;290.24;0.0;0.0;0.0;1.0;0.0;0.0;up;0.5
104;295.11;0.0;0.0;0.9826612429350567;0.0;0.543655071584269;0.6729959137831354;up;0.9798387096774199
105;295.56;0.0;1.0;1.0;0.0;1.0;1.0;up;1.0
106;284.4;0.0;1.0;0.7057310056240629;0.0;1.0;1.0;up;0.7297297297297289
107;282.7;0.0;1.0;0.0;1.0;1.0;1.0;up;0.5
108;286.4;0.0;1.0;0.6330162943789212;0.30400149214350236;1.0;1.0;up;0.6851145038167934
109;289.7;0.5181943804698057;1.0;1.0;0.0;1.0;1.0;up;1.0
110;284.46;1.0;1.0;1.0;0.0;1.0;1.0;up;1.0
111;257.29;1.0;1.0;0.0;1.0;1.0;1.0;no;0.0
112;262.01;1.0;1.0;0.9606522020136935;0.034934497816584205;0.9853506919076271;1.0;no;0.48253275109170624
113;262.09;1.0;1.0;0.20638250894129093;0.761209593326385;0.0;1.0;no;0.11939520333680759
114;259.8;1.0;1.0;0.0;1.0;0.0;0.0;no;0.0
115;269.39;1.0;1.0;1.0;0.0;0.0;1.0;down;0.5
116;265.84;1.0;1.0;1.0;0.0;1.0;1.0;down;0.5
117;246.93;1.0;1.0;0.0;1.0;1.0;1.0;down;0.0
118;247.68;1.0;1.0;0.0;1.0;0.657978401904113;1.0;down;0.0
119;249.46;1.0;1.0;0.21791245132089374;0.7576192966901188;0.0;0.5815435213798392;down;0.16232227488151718
120;248.09;1.0;1.0;0.39435695336190096;0.4169960474308298;0.0;0.6242257544855054;down;0.29150197628458513
121;252.31;1.0;1.0;1.0;0.0;1.0;1.0;down;0.5
122;242.19;1.0;1.0;0.0;1.0;0.0;0.8358589650446996;down;0.0
123;247.69;1.0;1.0;1.0;0.6244742107817016;0.05469212303305516;0.43712712983252566;down;0.5
124;243.98;1.0;0.3029872898484611;0.0;1.0;0.0;0.0;down;0.0
125;245.98;1.0;0.0;0.0;1.0;0.0;0.0;down;0.0
126;253.16;1.0;0.0;0.0;1.0;0.0;0.0;no;0.0
127;253.79;1.0;0.0;0.04480841120047735;0.9596747291611257;0.0;0.0;no;0.024113475177305166
128;253.45;0.9483775811209924;0.0;0.0;1.0;0.0;0.0;no;0.0
129;260.5;1.0;0.0;1.0;0.0;1.0;0.0;no;0.5
130;255.83;1.0;0.6043368372776163;1.0;0.08650528591110379;1.0;0.5883604951016065;no;0.5
131;254.45;1.0;1.0;1.0;0.0;1.0;1.0;no;0.5
132;244.09;1.0;1.0;1.0;0.0;1.0;1.0;no;0.5
133;243.53;1.0;1.0;1.0;0.0;1.0;1.0;no;0.5
134;234.77;1.0;1.0;0.0;1.0;1.0;1.0;no;0.0
135;237.34;1.0;1.0;1.0;0.0;1.0;1.0;no;0.5
136;236.3;1.0;1.0;1.0;0.0;1.0;1.0;down;0.5
137;222.87;1.0;1.0;0.5436442286695796;1.0;1.0;1.0;down;0.5
138;216.42;1.0;1.0;0.0;1.0;0.0;0.0;down;0.0
139;221.51;1.0;0.7830995134667766;0.0;1.0;0.0;0.0;down;0.0
140;227.59;1.0;1.0;1.0;0.0;0.0;0.4127864528989224;down;0.5
141;221.86;1.0;0.3564889788115603;0.0;1.0;0.0;0.0;down;0.0
142;223.14;1.0;0.0;0.1160631744681979;0.919340774328568;0.7037637070197373;0.0;down;0.1059322033898299
143;222.89;1.0;0.0;0.0;1.0;0.0;0.0;down;0.0
144;224.07;1.0;0.0;0.0;1.0;0.0;0.0;down;0.0
145;234.13;1.0;0.0;0.44014214681221087;1.0;0.0;0.0;no;0.26401869158878566
146;233.0;1.0;0.0;0.4119263875954392;1.0;0.0;0.0;no;0.23774509803921634
147;235.14;1.0;0.0;1.0;0.0;1.0;0.0;no;0.5
148;231.06;1.0;0.8568114387066056;1.0;0.0;1.0;1.0;no;0.5
149;226.28;1.0;1.0;0.7025062491103811;0.0;1.0;1.0;no;0.5
150;219.49;1.0;0.0;0.0;1.0;0.226714286728717;0.24228701682299966;no;0.0
151;226.01;0.0;0.0;1.0;0.0;0.0;1.0;no;0.5
152;225.11;0.0;0.0;0.0;0.9855757537713884;0.0;0.15415567826919313;no;0.0
153;225.49;0.0;0.0;0.0;1.0;0.0;0.0;no;0.0
154;235.75;0.0;0.0;1.0;0.0;0.0;0.0;no;0.5
155;231.96;0.0;0.0;0.0;1.0;0.0;0.0;no;0.0
156;233.9;0.0;0.0;0.0;1.0;0.0;0.0;no;0.0
157;239.18;0.0;0.0;1.0;0.0;0.1209809551403163;0.0;no;0.5
158;237.93;0.0;0.0;1.0;0.0;1.0;1.0;up;1.0
159;234.37;1.0;0.2929365817147137;0.639639041414705;0.34801136363636237;1.0;1.0;up;0.8259943181818188
160;229.78;0.0;0.0;0.0;1.0;0.03019119054783419;0.0;no;0.0
161;236.82;0.0;0.0;0.0;1.0;0.0;0.0;no;0.0
162;243.16;0.0;0.0;1.0;0.0;0.0;0.27383826185544063;no;0.5
163;241.4;0.0;0.0;1.0;0.0;1.0;1.0;no;0.5
164;239.08;0.0;0.0;0.03852904228762228;0.4875672182790348;1.0;1.0;no;0.01739130434782872
165;239.0;0.0;0.0;0.5530527363560745;0.3865186134585967;1.0;0.8583372849119046;up;0.7386363636363626
166;241.3;0.0;1.0;1.0;0.0;1.0;1.0;up;1.0
167;236.9;0.0;1.0;0.0;0.0;1.0;1.0;up;0.5
168;236.95;0.0;1.0;0.8962761561083649;0.11184210526316761;1.0;1.0;no;0.4440789473684162
169;237.12;0.0;1.0;1.0;0.0;1.0;1.0;no;0.5
170;235.6;0.690201729106587;1.0;0.8773180784909648;0.11811023622047685;1.0;1.0;no;0.44094488188976155
171;236.05;1.0;1.0;1.0;0.0;1.0;1.0;no;0.5
172;232.24;1.0;1.0;0.20993202275794462;0.7076872337204484;1.0;1.0;no;0.13033175355450421
173;231.69;0.09982486865129614;1.0;0.0;1.0;0.020577449440943085;1.0;no;0.0
174;233.8;0.0;0.0;0.0;0.8090146780991093;0.0;0.36197974611736766;no;0.0
175;235.49;0.6018348623851786;0.0;0.0;1.0;0.0;0.0;no;0.0
176;238.99;1.0;0.0;0.7326376760268779;0.896185715760835;0.0;0.0;no;0.324873096446701
177;237.71;1.0;0.0;0.5798917826434898;0.5671586964580596;0.0;0.0;no;0.2654761904761916
178;239.68;1.0;1.0;1.0;0.0;1.0;1.0;no;0.5
179;235.48;1.0;1.0;0.18918277190329813;1.0;1.0;1.0;no;0.08045977011493427
180;236.21;1.0;1.0;0.7322121645268354;1.0;1.0;0.20493609530341644;no;0.3883928571428576
181;235.34;1.0;1.0;0.0;1.0;0.0;0.0;no;0.0
182;236.46;1.0;1.0;1.0;0.0;0.4379960662901852;0.9429976533872743;no;0.5
183;236.02;1.0;1.0;1.0;0.0;1.0;1.0;no;0.5
184;232.07;1.0;1.0;1.0;0.48892664669143937;1.0;1.0;no;0.5
185;229.08;1.0;1.0;1.0;1.0;1.0;1.0;no;0.5
186;223.67;1.0;1.0;0.0;1.0;1.0;1.0;no;0.0
187;224.78;1.0;1.0;0.7892843392394273;0.12043795620438383;1.0;0.9984264035622407;no;0.43978102189780816
188;225.11;1.0;1.0;0.7144960995918653;0.18179464896547878;0.7084489466875077;1.0;down;0.5
189;222.37;1.0;1.0;0.0;1.0;0.0;0.0;down;0.0
190;224.49;1.0;1.0;1.0;0.0;0.0;0.0;down;0.5
191;224.36;1.0;0.5356782029662368;0.18667724552736314;0.8280708534950787;0.0;0.08598612903302791;down;0.14285714285714285
192;222.86;1.0;0.0;0.0;1.0;0.0;0.0;down;0.0
193;228.11;1.0;0.0;0.23220237413265157;0.8034769958650743;0.0;0.0;down;0.15151515151515588
194;229.49;1.0;0.0;1.0;0.0;0.0;0.0;no;0.5
195;227.51;1.0;0.0;0.0;1.0;0.0;0.0;no;0.0
196;229.01;1.0;0.0;0.0;1.0;0.0;0.0;no;0.0
197;229.61;1.0;0.0;0.0;1.0;0.0;0.0;no;0.0
198;231.51;0.04385964912283326;0.0;0.0;0.11166384538800254;0.0;0.0;no;0.0
199;231.77;0.0;0.0;0.0;1.0;0.0;0.0;no;0.0
200;235.92;0.0;0.0;0.0;0.0;0.0;0.1670335176934626;no;0.0
201;248.75;0.0;0.0;1.0;0.0;1.0;1.0;no;0.5
202;245.78;0.0;0.0;0.7524151769372392;0.3994656872717914;1.0;1.0;no;0.2526766595289085
203;248.09;0.0;0.0;1.0;0.0;1.0;1.0;up;1.0
204;243.42;0.0;0.0;0.4251738113294036;0.8998486569812619;1.0;1.0;up;0.5189393939393876
205;244.69;0.0;0.0;0.5720692804178986;0.35807548766239583;1.0;1.0;up;0.6774193548387089
206;243.37;0.0;0.0;0.29449116743534137;0.5622094860976968;0.0;0.9876342809899701;up;0.5
207;247.09;0.0;1.0;1.0;0.0;1.0;1.0;up;1.0
208;243.78;0.0;1.0;1.0;0.0;1.0;1.0;up;1.0
209;240.69;0.0;1.0;0.0;1.0;1.0;1.0;up;0.5
210;241.65;0.0;0.16793021822809998;0.0;1.0;0.0;0.06812427930400154;up;0.5
211;243.2;0.0;0.0;0.0;1.0;0.0;0.0;up;0.5
212;251.17;0.0;0.0;0.5732487749491952;0.6719636090805169;0.0;0.0;up;0.6517379679144375
213;248.9;0.0;0.0;0.0;1.0;0.0;0.0;up;0.5
214;256.38;0.0;0.0;0.483478947975303;0.0;0.0;0.10556096341236255;up;0.5
215;264.13;0.0;0.0;1.0;0.0;1.0;1.0;up;1.0
216;257.07;0.0;1.0;1.0;0.0;1.0;1.0;up;1.0
217;254.69;0.0;0.08471810973771325;0.0;1.0;1.0;0.7237219672068552;up;0.5
218;255.86;0.0;0.0;0.0;1.0;0.0;0.0;up;0.5
219;260.74;0.0;0.0;0.0;1.0;0.0;0.0;up;0.5
220;270.33;0.0;0.0;1.0;0.0;0.12470222463984959;0.5771694569749979;up;1.0
221;269.47;0.0;0.0;1.0;0.0;1.0;1.0;up;1.0
222;266.18;0.0;0.0;0.0;1.0;1.0;0.0;up;0.5
223;269.39;0.0;0.0;0.0;1.0;0.12128930523520103;0.0;up;0.5
224;269.65;0.0;0.0;0.0;1.0;0.0;0.0;up;0.5
225;286.61;0.0;0.0;0.0;1.0;0.0;0.0;up;0.5
226;292.02;0.0;0.0;0.7001873598913608;0.025393124131416218;0.0;0.6960682767797687;up;0.5005482456140345
227;310.24;0.0;0.0;1.0;0.0;1.0;1.0;up;1.0
228;292.0;0.0;1.0;1.0;0.0;1.0;1.0;up;1.0
229;287.96;0.0;1.0;1.0;0.0;1.0;1.0;up;1.0
230;285.55;0.0;1.0;1.0;0.0;1.0;1.0;up;1.0
231;277.23;0.0;1.0;0.39143505362148295;0.19664028521296295;1.0;1.0;up;0.592592592592593
232;279.43;0.0;1.0;1.0;0.0;1.0;1.0;up;1.0
233;276.73;0.0;1.0;0.6333806368033492;0.0;1.0;1.0;no;0.27578475336323055
234;275.5;0.0;1.0;0.0;1.0;1.0;1.0;no;0.0
235;277.73;0.0;1.0;0.9993949567765184;0.0;0.25427398688617076;1.0;no;0.43103448275862405
236;276.48;0.0;1.0;0.10584680142551246;0.0;0.0;1.0;no;0.0
237;277.93;0.0;1.0;0.13231047757823627;0.6967940005372821;0.0;0.7911181157444617;no;0.047404063205417395
238;276.67;0.0;0.0;0.0;1.0;0.0;0.0;no;0.0
239;289.96;0.0;0.0;0.29216797520952703;0.9159827002043607;0.0;0.0;no;0.08857142857142922
240;289.34;0.9486537257358058;0.0;0.0;1.0;0.0;0.0;no;0.0
241;292.84;1.0;0.0;0.0;1.0;0.0;0.0;no;0.0
242;294.27;0.0;0.4377413050574546;1.0;0.0;0.0;0.0;no;0.5
243;293.84;0.0;1.0;1.0;0.0;1.0;0.2908358860400622;no;0.5
244;289.63;0.0;1.0;1.0;0.0;1.0;1.0;no;0.5
245;287.73;0.0;1.0;1.0;0.0;1.0;1.0;no;0.5
246;284.39;0.0;1.0;1.0;0.0;1.0;1.0;up;1.0
247;280.77;0.0;1.0;0.0;1.0;1.0;1.0;no;0.0
248;281.5;0.0;1.0;0.0;1.0;0.0;1.0;no;0.0
249;282.72;0.0;1.0;0.3822952897212465;0.5986789790026303;0.0;0.6769707390762552;no;0.137218045112787
250;284.65;0.0;1.0;1.0;0.0;0.2870287556720177;1.0;no;0.5
251;281.99;0.0;1.0;1.0;0.0;1.0;1.0;no;0.5
252;281.99;0.9171681415929169;1.0;1.0;0.0;1.0;1.0;no;0.5
253;279.01;1.0;1.0;1.0;0.17004548706604666;1.0;1.0;no;0.5
254;261.71;1.0;1.0;0.0;1.0;1.0;1.0;no;0.0
255;265.36;1.0;1.0;0.11260527395348445;0.8463855376205494;0.6942112688556564;0.4777269859102743;no;0.09082892416225985
256;264.33;1.0;1.0;0.0;1.0;0.0;0.0;no;0.0
257;270.0;1.0;1.0;1.0;0.0;0.0;0.0;down;0.5
258;268.51;1.0;1.0;1.0;0.0;0.0;1.0;down;0.5
259;264.65;1.0;1.0;0.6520469540808893;0.3253647949345742;1.0;0.9274708144959851;down;0.38675213675213665
260;265.71;1.0;1.0;1.0;0.0;1.0;1.0;down;0.5
261;261.03;1.0;1.0;1.0;1.0;1.0;1.0;down;0.5
262;256.09;1.0;1.0;0.8804372056616163;0.29872479773984395;1.0;1.0;down;0.47326454033770876
263;256.66;1.0;1.0;1.0;0.20289760991201186;1.0;1.0;down;0.5
264;246.0;1.0;1.0;0.7813584999198155;1.0;1.0;0.0;down;0.5
265;227.1;1.0;1.0;0.0;1.0;0.0;0.0;down;0.0
266;235.95;1.0;1.0;1.0;0.0;0.0;0.0;down;0.5
267;233.27;1.0;1.0;1.0;0.0;0.0;0.0;down;0.5
268;230.47;1.0;1.0;1.0;0.0;0.0;1.0;down;0.5
269;228.47;1.0;1.0;0.6025396987402599;0.6792206374079683;0.2834981697490339;0.5095561453988952;down;0.5
270;211.79;1.0;1.0;0.0;1.0;0.0;0.0;down;0.0
271;221.64;1.0;0.0;0.0;1.0;0.0;0.0;down;0.0
272;225.17;1.0;0.0;0.08527615992365183;0.9453402158156148;0.0;0.0;down;0.08262967430639188
273;223.8;1.0;0.0;0.0;1.0;0.0;0.0;down;0.0
274;232.09;1.0;0.0;1.0;0.008997869462987617;0.0;0.0;down;0.5
275;229.23;1.0;0.0;0.3325002813088333;1.0;0.0;0.0;down;0.283687943262406
276;228.43;1.0;0.0;0.02106708464201479;1.0;0.9850755503748994;0.0;down;0.17808219178082235
277;229.84;1.0;0.0;1.0;1.0;1.0;0.0;down;0.5
278;227.65;1.0;0.0;0.13553356471512365;1.0;1.0;0.0;down;0.21717171717171863
279;228.77;1.0;0.0;0.28887015324289683;0.5989104805704298;1.0;0.0;no;0.2302325581395364
280;226.79;1.0;0.0;0.0;1.0;0.0;0.0;no;0.0
281;231.09;0.0;0.0;0.0;1.0;0.0;0.0;no;0.0
282;235.45;0.0;0.0;0.0;0.0;0.0;0.0;no;0.0
283;240.45;0.0;0.0;0.08655810894162269;0.0;0.0;0.0;no;0.04209183673469198
284;240.12;0.0;0.0;0.3889428467405546;0.02300668883759384;0.38491090449143633;0.7418570228052566;no;0.1776315789473686
285;244.04;0.0;0.0;1.0;0.0;1.0;1.0;up;1.0
286;237.96;0.0;0.0;0.0;1.0;1.0;1.0;up;0.5
287;238.5;0.0;0.0;0.6585095556838241;0.05014083754955972;1.0;1.0;up;0.8337182448036948
288;239.94;0.0;0.6751384116096188;1.0;0.0;1.0;1.0;up;1.0
289;235.61;0.0;1.0;1.0;0.0;1.0;1.0;up;1.0
290;230.17;0.0;1.0;1.0;0.0;1.0;1.0;no;0.5
291;229.51;1.0;1.0;1.0;0.0;1.0;1.0;no;0.5
292;229.3;0.0;1.0;0.21980533984030595;0.848308242148293;0.0;1.0;no;0.15795206971677733
293;227.85;0.0;0.0;0.0;1.0;0.0;0.0;no;0.0
294;232.44;0.0;0.0;0.8279894844384723;0.1467181467181443;0.0;0.0;no;0.4266409266409276
295;232.82;1.0;0.0;1.0;0.0;0.39749944631299755;1.0;no;0.5
296;230.23;1.0;0.8020821998487278;0.9812889537727782;0.013761467889908927;1.0;1.0;no;0.4931192660550456
297;230.29;1.0;1.0;0.8556044478290701;0.0;1.0;1.0;no;0.5
298;225.93;1.0;0.0;0.0;1.0;0.0;0.0;no;0.0
299;229.59;1.0;0.0;0.03822375026269416;1.0;0.0;0.0;down;0.023809523809524703
300;229.41;1.0;0.0;0.0;1.0;0.0;0.0;down;0.0
301;233.19;1.0;0.0;0.0;1.0;0.0;0.0;no;0.0
302;235.13;1.0;0.0;1.0;0.36475044563279574;0.46490671776856196;0.0;no;0.5
303;233.89;0.4190260475651812;0.0;0.29500236723920725;0.5839518676966355;1.0;0.0;no;0.13963328631875802
304;231.91;0.0;0.0;0.0;1.0;0.0;0.0;no;0.0
305;239.0;0.0;0.0;1.0;0.0;0.0;0.0;no;0.5
306;236.71;0.0;0.0;0.07397583779984665;0.9007933390935478;0.9583222643045964;0.0;no;0.03448275862069078
307;236.65;0.0;0.0;0.0;1.0;1.0;0.0;no;0.0
308;237.52;0.0;0.0;0.0;1.0;0.0;0.0;up;0.5
309;237.69;0.0;0.0;0.0;1.0;0.0;0.0;up;0.5
310;238.77;0.0;0.0;0.2157989934893276;0.8254735851912703;0.0;0.0;up;0.586854460093898
311;238.4;0.0;0.0;0.0;1.0;0.0;0.0;up;0.5
312;240.53;0.0;0.0;0.0;0.0;0.0;0.7315098295103303;up;0.5
313;246.93;0.0;0.0;1.0;0.0;0.6784706502572525;1.0;up;1.0
314;243.47;0.0;0.0;0.07845004896239201;0.4304164267894861;1.0;1.0;up;0.5277777777777785
315;243.41;0.0;0.0;0.0;1.0;1.0;0.5568262959599044;up;0.5
316;244.49;0.0;0.0;0.0;1.0;0.0;0.0;up;0.5
317;245.72;0.0;0.0;0.47762417432743115;0.5892204324864035;0.0;0.0;up;0.5510638297872354
318;247.83;0.0;0.0;1.0;0.0;1.0;1.0;up;0.8660436137071678
319;245.48;0.0;0.0;0.0;1.0;0.03464377271497139;0.0;up;0.5
320;248.69;0.0;0.0;0.0;0.5690611431209801;0.0;0.20776232579161202;up;0.5
321;252.46;0.0;0.0;0.0;1.0;0.0;0.0;up;0.5
322;254.44;0.0;0.0;0.0;0.0;0.0;0.28461239250862386;up;0.5
323;262.5;0.0;0.0;0.730218872852566;0.17068665929499346;0.38845240156707994;0.8413619761594069;up;0.5938673341677095
324;268.99;0.0;0.0;1.0;0.0;1.0;1.0;up;1.0
325;261.0;0.0;0.0;0.0;1.0;1.0;0.4883295782715235;up;0.5
326;264.43;0.0;0.0;0.0;1.0;1.0;0.0;up;0.5
327;270.23;0.0;0.0;0.816004933861962;0.0;1.0;0.0;up;0.6620000000000005
328;267.8;0.0;0.0;0.0;1.0;0.0;0.0;up;0.5
329;275.3;0.0;0.0;0.0;1.0;0.0;0.0;up;0.5
330;277.71;0.0;0.0;0.0;0.4155291526991639;0.0;0.0;up;0.5
331;282.59;0.0;0.0;0.3424656085157303;0.0;0.49274567828893706;1.0;up;0.5
332;288.27;0.0;0.0;0.9424202716600766;0.5319684666361192;1.0;1.0;up;0.6310160427807477
333;285.82;0.0;0.0;0.0;1.0;0.3150708270630185;0.0;up;0.5
334;295.17;0.0;0.0;0.0;1.0;0.0;0.0;up;0.5
335;304.05;0.0;0.0;0.0;0.2849359849016137;0.0;0.0;up;0.5
336;313.73;0.0;0.0;0.8384859390816074;0.07007607167794495;0.47118249219317687;0.8766217695509454;up;0.5980235042735048
337;328.78;0.0;0.0;1.0;0.0;1.0;1.0;up;0.9947145877378424
338;310.06;0.0;0.0;0.0;1.0;0.4223340115483542;0.0;up;0.5
339;328.98;0.0;0.0;0.0;0.1263976938869373;0.0;0.0;up;0.5
340;361.98;0.0;0.0;0.0;0.0;0.2026975912922703;1.0;up;0.5
341;398.21;0.0;0.0;0.9495739500861923;0.0;1.0;1.0;up;0.8555502846299802
342;404.3;0.0;0.0;1.0;0.0;1.0;1.0;up;1.0
343;383.22;0.0;0.38535745492054047;1.0;0.0;1.0;1.0;up;0.9090909090909103
344;371.79;0.0;0.46940745379758797;0.5759505306568127;0.962611799707379;1.0;1.0;up;0.5
345;385.76;0.0;1.0;1.0;0.0;1.0;1.0;up;1.0
346;371.87;0.0;1.0;0.888499187930206;0.0816721012418916;0.9846647243606393;1.0;up;0.9050722920123253
347;379.88;0.0;1.0;1.0;0.0;1.0;1.0;up;1.0
348;337.69;0.0;1.0;1.0;0.0;1.0;1.0;no;0.5
349;303.0;0.0;1.0;0.0;1.0;0.29499586477509504;1.0;no;0.0
350;334.94;0.0;1.0;1.0;0.0;0.0;1.0;no;0.5
351;333.51;0.0;1.0;1.0;0.0;0.11467972023151927;1.0;no;0.5
352;331.61;0.0;1.0;1.0;0.0;1.0;1.0;no;0.5
353;317.0;0.927656367746838;1.0;0.0;1.0;0.9949945592079594;0.08002120449839516;no;0.0
354;330.9;1.0;1.0;0.0;1.0;0.0;0.0;no;0.0
355;335.44;1.0;1.0;0.880124263141167;1.0;0.1133621029601439;0.0;no;0.43311312964492144
356;337.06;1.0;1.0;1.0;1.0;1.0;0.0;no;0.5
357;324.95;1.0;1.0;0.8942300858640495;0.46066917234273114;1.0;0.0;no;0.4942693409742091
358;321.5;1.0;1.0;0.0;1.0;0.0;0.0;down;0.0
359;324.99;1.0;1.0;1.0;0.5833733841626465;0.0;0.0;down;0.5
360;323.11;1.0;1.0;1.0;1.0;0.39701169808199394;0.0;down;0.5
361;323.01;1.0;1.0;0.4289228934139284;1.0;0.8265888367190077;0.0;down;0.2322874493927114
362;318.42;0.17587563214081275;0.023154715402064412;0.0;1.0;0.0;0.0;down;0.0
363;328.3;0.0;0.0;0.0;1.0;0.0;0.0;no;0.0
364;356.39;0.0;0.0;0.37279762976197556;1.0;0.0;0.0;no;0.0
365;359.87;0.0;0.0;0.3676379103267626;0.692451083499694;0.0;0.0;no;0.11877133105802082
366;356.39;0.0;0.0;0.0;1.0;0.0;0.0;no;0.0
367;371.04;0.0;0.0;0.7325615675886811;0.0;0.0;0.0;up;0.7691284098469733
368;377.98;0.0;0.0;1.0;0.0;1.0;1.0;up;1.0
369;362.95;0.0;1.0;1.0;0.0;1.0;1.0;up;1.0
370;359.97;0.0;1.0;0.0;1.0;1.0;1.0;up;0.5
371;361.32;0.0;0.09463497964889456;0.0;0.9497757580425268;0.5917822572049425;0.22318256844922302;up;0.5
372;362.3;0.0;0.0;0.0;1.0;0.0;0.0;up;0.5
373;384.67;0.0;0.0;0.0;1.0;0.0;0.0;up;0.5
374;394.6;0.0;0.0;0.0;1.0;0.0;0.0;up;0.5
375;395.1;0.0;0.0;0.0;0.6231245508253125;0.0;0.0;up;0.5
376;409.0;0.0;0.0;0.0;0.0;0.0;1.0;up;0.5
377;416.08;0.0;0.0;0.0;0.7652524052888271;0.0;0.36959013774575816;up;0.5
378;416.28;0.0;0.0;0.2032424326576017;0.35895937086442403;0.0;0.6435667351008452;up;0.5
379;451.68;0.0;0.0;1.0;0.0;1.0;1.0;up;1.0
380;435.87;0.0;0.0;0.0255073278308457;0.9893455098934567;1.0;1.0;up;0.505327245053272
381;435.8;0.0;0.0;0.0;1.0;1.0;0.20668389035995283;up;0.5
382;442.37;0.0;0.0;0.11172301889676929;1.0;0.0;0.0;up;0.5
383;463.61;0.0;0.0;1.0;0.0;0.0;0.0;up;1.0
384;455.1;0.0;0.0;0.0;1.0;0.16430114783369199;0.0;up;0.5
385;456.01;0.0;0.0;0.0;1.0;0.0;0.0;up;0.5
386;463.0;0.0;1.0;1.0;0.0;0.9980366975175132;0.9149993395631734;up;1.0
387;460.96;0.0;1.0;1.0;0.0;1.0;1.0;up;1.0
388;441.48;0.0;1.0;1.0;0.0;1.0;1.0;up;1.0
389;437.56;0.0;1.0;0.2885957728934715;0.034157643937102175;1.0;1.0;no;0.09805285118219927
390;436.15;0.0;1.0;0.0;1.0;0.33241911281511993;0.44452454205555253;no;0.0
391;443.34;0.0;1.0;0.0;1.0;0.0;0.0;no;0.0
392;455.71;0.0;1.0;1.0;0.0;0.0;0.8350932851959117;no;0.5
393;455.5;1.0;1.0;1.0;0.0;1.0;1.0;no;0.5
394;417.42;1.0;1.0;0.0;1.0;1.0;1.0;no;0.0
395;423.29;1.0;1.0;0.27885929230706624;0.7226980728051375;1.0;1.0;no;0.13865096359743165
396;420.7;1.0;1.0;0.0;1.0;0.0;0.9684634834944138;no;0.0
397;430.04;1.0;1.0;0.8994552166250877;0.1505681818181739;0.0;1.0;no;0.42471590909091256
398;427.05;1.0;1.0;0.0;1.0;0.0;0.0;down;0.0
399;430.57;1.0;1.0;0.0;1.0;0.0;0.0;down;0.0
400;434.98;1.0;1.0;1.0;0.3393427655687022;0.0;0.0;down;0.5
401;433.74;1.0;1.0;1.0;0.4552037232174237;0.0;0.0;down;0.4631410256410228
402;430.85;1.0;1.0;0.0;1.0;0.0;0.0;down;0.0
403;433.97;1.0;1.0;1.0;0.0;0.4891778119060147;0.0;down;0.5
404;431.89;0.29826989619376726;0.3230897703628401;0.002675520700932334;0.9981581899896975;0.4289671505006504;0.0;down;0.0009633911368017588
405;431.84;0.0;0.0;0.0;1.0;0.0;0.0;down;0.0
406;457.79;1.0;0.0;1.0;0.0;0.7056262951524133;0.0;no;0.5
407;451.32;0.1863041289022908;0.0;1.0;0.0;1.0;0.37054836621143844;no;0.5
408;449.95;0.0;1.0;1.0;0.0;1.0;1.0;no;0.5
409;447.21;0.0;0.9834765332584693;0.5521552388233014;0.36427717212650146;1.0;1.0;no;0.17279411764705668
410;448.99;0.0;1.0;1.0;0.0;1.0;1.0;no;0.5
411;446.27;0.0;1.0;1.0;0.0;1.0;1.0;no;0.5
412;432.53;0.96240471240469;1.0;1.0;0.0;1.0;1.0;no;0.5
413;429.22;1.0;1.0;1.0;0.78983134202995;1.0;1.0;no;0.5
414;372.85;1.0;1.0;0.0;1.0;1.0;0.0;no;0.0
415;386.43;1.0;1.0;0.8347315652435544;0.0;0.4292875848138233;1.0;no;0.5
416;382.85;1.0;1.0;0.23850591428910559;0.41992187499999445;0.0;0.8369263598403555;no;0.2900390625000024
417;385.0;1.0;1.0;0.10282592771997022;0.8351046698872785;0.0;0.16509583239216424;down;0.08244766505636075
418;379.88;1.0;0.0;0.0;1.0;0.0;0.0;down;0.0
419;410.93;1.0;0.3435395491132113;1.0;0.0;0.0;0.0;down;0.5
420;410.03;1.0;1.0;1.0;0.0;1.0;1.0;down;0.5
421;381.78;1.0;0.6438634032310924;0.0;1.0;1.0;0.12110476935295388;down;0.0
422;386.92;1.0;0.0;0.0;1.0;0.0;0.0;down;0.0
423;402.5;1.0;0.0;1.0;0.0;0.8247839280054086;0.0;down;0.5
424;392.58;1.0;0.026037475976541286;0.32697726112359526;1.0;1.0;0.0;down;0.22119815668202422
425;390.66;1.0;0.4371180604300343;0.6394941797984207;0.4374319864493688;1.0;0.11029807227054635;down;0.36300505050505105
426;395.0;1.0;1.0;1.0;0.0;1.0;1.0;down;0.5
427;379.16;1.0;1.0;0.860443296135933;0.22133165734048338;1.0;1.0;down;0.45070422535211707
428;379.44;0.7717589774802389;1.0;1.0;0.0;1.0;1.0;down;0.5
429;376.6;1.0;1.0;1.0;0.0;1.0;1.0;no;0.5
430;370.0;1.0;1.0;0.0;1.0;1.0;1.0;no;0.0
431;371.5;1.0;0.9976322773779703;0.5284365761698433;0.30982585569250987;0.4815365200018695;1.0;no;0.34837545126353786
432;373.18;1.0;0.17670301597235363;0.17375017068286752;0.8165693410862707;0.3394065769430759;0.3228476873277648;no;0.12388193202146729
433;367.64;1.0;0.0;0.0;1.0;0.0;0.0;down;0.0
434;390.0;1.0;0.0;1.0;0.0;0.0;0.0;no;0.5
435;385.88;1.0;0.0;1.0;0.0;0.9447846864206344;1.0;no;0.5
436;374.27;1.0;0.0;0.6532123427605957;0.6322596593574622;1.0;1.0;no;0.36674528301886694
437;375.4;1.0;0.11276926613422064;1.0;0.0;1.0;1.0;no;0.5
438;371.16;1.0;0.0;0.0;1.0;1.0;0.01520375020592381;no;0.0
439;373.16;1.0;0.0;0.0;1.0;0.0;0.0;no;0.0
440;379.86;1.0;0.0;0.314132705524217;0.9988481066014562;0.0;0.0;no;0.19120654396728115
441;377.99;0.0;0.0;0.0;1.0;0.0;0.0;no;0.0
442;382.88;0.0;0.0;0.0;1.0;0.0;0.0;no;0.0
443;389.51;0.0;0.0;0.0;0.36467296551986234;0.0;0.0;no;0.0
444;403.95;0.0;0.0;0.869511378647255;0.0;0.0;0.0;no;0.3313253012048173
445;399.0;0.0;0.0;0.0;1.0;0.0;0.0;up;0.5
446;406.47;0.0;0.0;0.0;0.0;0.0;0.0;up;0.5
447;415.52;0.0;0.0;0.0;1.0;0.0;0.0;up;0.5
448;420.31;0.0;0.0;0.10014449105813027;0.6360323894212467;0.0;0.0;up;0.52479732951836
449;419.27;0.0;0.0;0.0;0.6342872769623418;0.0;0.0;up;0.5
450;440.24;0.0;0.0;1.0;0.0;1.0;1.0;up;1.0
451;437.7;0.0;0.0;0.9923825054708753;0.014192013581170719;1.0;1.0;up;0.9924665178571418
452;437.97;0.0;1.0;1.0;0.0;1.0;1.0;up;1.0
453;420.05;0.0;1.0;0.0;1.0;1.0;1.0;up;0.5
454;422.61;0.0;1.0;0.0;0.8909359938983097;1.0;1.0;up;0.5
455;423.51;0.0;0.0;0.0;1.0;0.0;1.0;up;0.5
456;427.8;0.0;0.0;0.0;1.0;0.0;1.0;up;0.5
457;431.06;0.0;0.0;0.0;1.0;0.0;0.0;up;0.5
458;432.16;0.0;0.0;0.24560094331947507;0.6197725373695454;0.0;0.0;up;0.5
459;436.62;0.0;1.0;1.0;0.0;1.0;1.0;up;1.0
460;433.31;0.0;1.0;1.0;0.0;1.0;1.0;up;1.0
461;425.18;0.5406189555126888;1.0;1.0;0.0;1.0;1.0;no;0.5
462;420.27;1.0;1.0;1.0;0.0;1.0;1.0;no;0.5
463;409.97;1.0;1.0;1.0;1.0;1.0;1.0;no;0.5
464;398.5;1.0;1.0;0.0;1.0;0.11002096769786247;0.0;no;0.0
465;404.78;1.0;1.0;0.0;1.0;0.0;0.0;no;0.0
466;414.76;1.0;1.0;1.0;0.0;0.0;0.0;down;0.5
467;412.13;1.0;1.0;0.0;1.0;0.0;0.0;down;0.0
468;412.66;1.0;0.21322956890120273;0.0;1.0;0.0;0.0;down;0.0
469;416.5;1.0;0.8259286088912945;0.8020901449564739;0.20969855832241446;0.04550722375456963;0.0;down;0.39515072083879266
470;418.1;1.0;1.0;1.0;0.0;1.0;1.0;down;0.5
471;410.47;1.0;1.0;0.0;1.0;1.0;0.0673163843189694;down;0.0
472;412.64;1.0;1.0;0.0;1.0;1.0;0.0;down;0.0
473;413.85;1.0;0.0;0.0;1.0;0.0;0.0;down;0.0
474;415.89;1.0;0.0;0.0;1.0;0.0;0.0;no;0.0
475;416.49;1.0;0.6630556966555327;0.8082172007327004;0.2744754011818629;0.0;0.0;no;0.4027237354085606
476;418.49;1.0;1.0;1.0;0.0;1.0;1.0;no;0.5
477;408.21;0.08021806853589919;1.0;0.0;0.0;1.0;1.0;no;0.0
478;408.94;0.0;1.0;0.0;0.0;1.0;1.0;no;0.0
479;411.34;0.0;0.5571828549721142;0.06662819403267387;0.8931522397094491;0.0;1.0;no;0.0357142857142824
480;410.99;0.0;0.0;0.0;1.0;0.0;0.0;no;0.0
481;415.89;0.0;0.0;0.09849788082826944;1.0;0.0;0.0;no;0.0
482;417.22;0.0;0.0;1.0;0.0;0.0;0.0;no;0.5
483;415.96;1.0;0.0;0.0;1.0;0.6699807095411341;0.0;no;0.0
484;416.25;0.09616775126542253;0.0;0.0;1.0;0.0;0.0;no;0.0
485;416.77;0.0;0.0;0.0;0.0;0.08249475263775942;0.0;no;0.0
486;424.3;0.0;0.0;1.0;0.0;1.0;1.0;no;0.5
487;422.05;0.4464285714289412;1.0;1.0;0.0;1.0;1.0;no;0.5
488;415.4;1.0;1.0;0.8869288922519157;0.045454545454552;1.0;1.0;no;0.47727272727272463
489;413.09;1.0;1.0;0.0;1.0;1.0;1.0;no;0.0
490;415.51;0.2832422586521124;0.6359792955070609;0.034612828183407426;0.8179202911725572;0.0;1.0;no;0.017060367454067634
491;415.38;0.0;0.0;0.0;1.0;0.0;0.0;no;0.0
492;419.19;0.0;0.0;1.0;0.0;0.0;0.0;no;0.5
493;419.0;0.0;0.0;0.10494101517110406;0.8351390991394224;0.0;0.046579178940827796;no;0.0443037974683568
494;418.65;0.0;0.0;0.0;1.0;0.0;0.0;no;0.0
495;422.6;0.0;0.0;1.0;0.0;0.0;0.0;up;1.0
496;421.63;0.0;1.0;1.0;0.0;1.0;1.0;up;1.0
497;419.84;0.0;1.0;1.0;0.0;1.0;1.0;up;1.0
498;418.13;0.0;1.0;0.0;1.0;1.0;0.3013835530884664;no;0.0
499;418.37;0.0;0.0;0.0;1.0;0.23413798409928258;0.0;no;0.0
500;420.77;0.5751295336790369;0.0;0.0;1.0;0.0;0.0;no;0.0
501;422.08;0.0;0.0;0.0;0.5047063230789772;0.0;0.0;no;0.0
502;425.91;0.0;0.0;1.0;0.0;0.0;0.3243906253796887;no;0.5
503;423.26;0.0;0.0;0.0;1.0;0.09905384029104261;0.0;no;0.0
504;424.51;0.0;0.0;0.0;1.0;0.0;0.0;no;0.0
505;429.25;0.0;0.0;0.7900243090776906;0.0;0.343370866171798;0.7884548360929734;up;0.8180661577608137
506;430.68;0.0;0.0;1.0;0.0;1.0;1.0;up;1.0
507;426.75;0.0;0.0;0.0;1.0;1.0;0.3450490315083111;up;0.5
508;428.07;0.0;0.0;0.0;1.0;0.0;0.0;up;0.5
509;435.25;0.0;0.0;0.0;0.6106993116459906;0.0;0.0;up;0.5
510;441.25;0.0;0.0;0.0;0.7302978515624987;0.0;0.0;up;0.5
511;451.0;0.0;0.0;1.0;0.03393600136707444;0.0;0.14405360034737139;up;0.9558404558404554
512;447.8;0.0;0.0;0.0;0.4606355043617465;0.0;0.4161376618403424;up;0.5
513;451.31;0.0;0.0;0.0;0.0;1.0;1.0;up;0.5
514;459.4;0.0;0.0;0.0;1.0;0.0;0.0;up;0.5
515;465.99;0.0;0.0;0.9694822212675124;0.09785783836416692;0.7712091534104092;0.8250985496900551;up;0.9510710808179166
516;468.0;0.0;1.0;1.0;0.0;1.0;1.0;up;1.0
517;447.46;0.0;1.0;0.0;1.0;1.0;1.0;up;0.5
518;450.0;0.0;1.0;0.5971403366050178;0.529256386807128;1.0;1.0;up;0.7044609665427518
519;454.77;0.0;1.0;1.0;0.0;1.0;1.0;up;1.0
520;446.7;0.0;1.0;0.522631780009899;0.4805912530667301;1.0;1.0;no;0.20101781170483368
521;451.4;0.0;1.0;1.0;0.0;1.0;1.0;no;0.48161764705882276
522;443.54;0.0;1.0;0.0;0.5994975654700323;0.0;1.0;no;0.0
523;451.7;0.0;1.0;1.0;0.0;0.0;1.0;no;0.5
524;446.3;0.0;0.9389683534179047;0.0;1.0;0.0;0.24353450927255424;no;0.0
525;448.82;0.0;0.0;0.0;1.0;0.0;0.0;no;0.0
526;459.73;0.0;0.0;1.0;0.0;0.0;0.0;no;0.5
527;458.15;0.0;0.0;0.12835474281253098;0.9369522576478383;0.0;0.0;no;0.04450261780104393
528;457.81;0.8613184079602089;0.6858845090315943;0.7638612679710383;0.33650576535979737;0.8702763191236892;0.23936581838928392;no;0.3370307167235494
529;461.63;1.0;1.0;1.0;0.0;1.0;1.0;no;0.5
530;449.91;1.0;1.0;0.0;1.0;1.0;0.24871158484572067;no;0.0
531;452.01;0.0;1.0;0.0;1.0;1.0;0.0;no;0.0
532;454.92;0.0;1.0;0.0;1.0;0.0;0.0;no;0.0
533;456.04;0.0;1.0;0.38215632489096907;0.6857142857142771;0.0;0.0;no;0.1571428571428614
534;455.38;0.0;1.0;0.18259084689246913;0.7603497961935046;0.0;0.0;no;0.0
535;457.48;0.0;1.0;1.0;0.0;0.03412357873017562;1.0;up;1.0
536;455.56;0.0;1.0;1.0;0.0;1.0;1.0;up;1.0
537;453.01;0.7344753747325913;1.0;1.0;0.0;1.0;1.0;no;0.5
538;452.94;1.0;1.0;1.0;0.0;1.0;1.0;no;0.5
539;441.63;1.0;1.0;0.0;1.0;1.0;1.0;no;0.0
540;441.97;1.0;1.0;0.7687426292266242;0.1762653559645637;1.0;1.0;no;0.4128256513026096
541;442.84;1.0;1.0;0.830880527029528;0.0;0.5700556400238848;1.0;no;0.5
542;437.85;1.0;1.0;0.0;1.0;0.0;0.0;down;0.0
543;442.29;1.0;0.34582842539243197;0.0;1.0;0.0;0.0;down;0.0
544;445.31;1.0;0.0;0.0;1.0;0.0;0.0;down;0.0
545;448.02;0.0;0.0;0.0;1.0;0.0;0.0;down;0.0
546;452.38;0.0;0.0;0.0;1.0;0.0;0.0;no;0.0
547;472.68;0.0;0.0;0.0;0.2754052054924861;0.0;0.0;no;0.0
548;521.5;0.0;0.0;1.0;0.0;0.0;0.0;no;0.29087452471482855
549;513.85;0.0;0.0;0.0;1.0;0.0;0.0;no;0.0
550;527.0;0.0;0.0;0.0;0.6376905845798041;0.14644699824136717;0.0;up;0.5
551;532.06;0.0;0.0;0.0;1.0;1.0;0.0;up;0.5
552;538.65;0.0;0.0;0.0;1.0;1.0;0.0;up;0.5
553;538.98;0.0;0.0;0.0;0.4676220608724085;0.7235436661593494;0.0;up;0.5
554;567.94;0.0;0.0;0.0;0.0;1.0;0.0;up;0.5
555;573.87;0.0;0.0;0.07015063205105182;0.9743752074405699;1.0;0.0;up;0.5056526207605351
556;573.76;0.0;0.0;0.7703850077603467;0.7618396954193849;0.8624068898520727;0.0;up;0.5
557;583.49;0.0;0.0;1.0;0.0;1.0;1.0;up;1.0
558;576.75;0.0;0.0;0.7967636206098767;0.8245865460521024;1.0;0.5485397471588837;up;0.5255847953216389
559;583.24;0.0;1.0;1.0;0.0;1.0;1.0;up;1.0
560;576.4;0.0;1.0;0.0;0.9633130936070798;1.0;0.3358180961593666;up;0.5
561;577.91;0.0;0.0;0.0;1.0;0.0;0.0;up;0.5
562;592.13;0.0;0.0;0.0;0.0;0.0;1.0;up;0.5
563;667.94;0.0;0.0;0.745818741544631;0.0;0.0;1.0;up;0.5
564;702.05;0.0;0.0;1.0;0.0;0.17478978205853313;1.0;up;1.0
565;685.69;0.0;0.0;0.0;1.0;0.720015993128381;0.3394771980327196;up;0.5
566;693.01;0.0;0.0;0.3032613509711158;1.0;0.0;0.0;up;0.5
567;765.6;0.0;0.0;1.0;0.0;0.0;1.0;up;1.0
568;746.99;0.0;0.0;0.0;1.0;0.0;0.0;up;0.5
569;755.02;0.0;0.0;0.9535757406431004;0.21635367762128263;0.9449177583243025;0.6967410998890449;up;0.8918231611893587
570;760.55;0.0;1.0;1.0;0.0;1.0;1.0;up;1.0
571;734.99;0.0;1.0;1.0;0.0;1.0;1.0;up;1.0
572;668.42;0.0;1.0;1.0;0.0;1.0;1.0;no;0.5
573;594.1;0.0;1.0;0.0;1.0;1.0;1.0;no;0.0
574;624.69;0.0;1.0;0.0;1.0;0.0;0.0;no;0.0
575;656.71;0.0;1.0;0.8390812207311399;0.18856482818365475;0.0;0.6422235398490304;no;0.4057175859081725
576;663.24;0.0;1.0;1.0;0.0;1.0;1.0;no;0.5
577;628.61;1.0;1.0;0.0;1.0;0.287574684134229;0.5638869593623907;no;0.0
578;648.2;1.0;1.0;1.0;0.0;0.16006061722104264;1.0;no;0.5
579;645.39;1.0;1.0;0.36625522232583985;0.6618327676642994;0.4010749418989964;0.5142312512628532;no;0.16908361616784956
580;634.43;1.0;0.6720062302592845;0.0;1.0;0.0;0.0;no;0.0
581;666.84;1.0;0.0;0.0;1.0;0.0;0.0;down;0.0
582;677.0;1.0;0.0;0.4993081448955155;0.8847330754712511;0.0;0.0;no;0.16770996348461142
583;702.48;1.0;1.0;1.0;0.08074906460636189;1.0;0.1187228831807795;no;0.5
584;664.14;1.0;1.0;0.020427639197435076;1.0;1.0;0.0;no;0.0
585;678.72;1.0;1.0;1.0;1.0;1.0;0.0;no;0.5
586;666.58;0.0;1.0;0.8118557949819759;0.09480712593734457;0.6246892352094391;0.6496725740744241;no;0.39650643551352793
587;674.46;0.0;1.0;1.0;0.0;1.0;1.0;no;0.5
588;636.39;0.0;1.0;0.0;1.0;0.0;0.9555057516222941;no;0.0
589;664.0;1.0;1.0;1.0;0.0;0.0;1.0;no;0.5
590;652.54;0.8872939925572886;1.0;1.0;0.0;1.0;1.0;no;0.5
591;646.55;0.0;1.0;0.0;1.0;0.3819851796070441;0.4269798046634029;no;0.0
592;647.42;0.0;0.0;0.0;1.0;0.0;0.0;no;0.0
593;671.7;0.0;1.0;1.0;0.0;0.7887595407240614;0.0;no;0.5
594;661.5;0.0;1.0;0.22118481772030021;0.7825112107623233;1.0;0.0;no;0.10874439461883625
595;660.53;1.0;1.0;0.0;1.0;0.0;0.0;no;0.0
596;664.99;1.0;0.39965494067412394;0.20197966097962722;0.9156668032415376;0.0;0.0;no;0.09211337030191022
597;662.0;1.0;0.0;0.0;1.0;0.0;0.0;no;0.0
598;678.23;0.0;0.0;1.0;0.0;0.046579780393331625;0.0;no;0.5
599;673.46;1.0;0.6680849076100819;0.9524187437031919;0.058479532163738975;1.0;0.0;no;0.47076023391813043
600;673.86;0.9569049951028968;1.0;1.0;0.0;1.0;1.0;no;0.5
601;667.02;0.6165458937196157;1.0;1.0;0.0;1.0;1.0;no;0.5
602;664.25;0.0;1.0;1.0;0.0;1.0;1.0;no;0.5
603;652.95;1.0;1.0;0.0;0.0;1.0;1.0;no;0.0
604;653.8;0.0;1.0;0.0;0.4330082001748813;0.0;1.0;no;0.0
605;659.51;0.0;1.0;1.0;0.0;0.8802948265090285;1.0;no;0.5
606;654.37;0.7013067828253001;1.0;0.5598686387173729;0.3695014662756603;0.8122903669928256;1.0;no;0.3152492668621697
607;652.22;1.0;1.0;0.0;1.0;0.0;1.0;no;0.0
608;655.63;1.0;1.0;0.5553815360298449;0.38997214484679915;0.0;1.0;no;0.3050139275766004
609;653.44;1.0;1.0;0.0;1.0;0.0;0.5956397764026694;no;0.0
610;657.03;1.0;1.0;1.0;0.0;0.9665030652016848;1.0;no;0.5
611;654.37;1.0;1.0;1.0;0.0;1.0;1.0;down;0.5
612;620.01;1.0;1.0;1.0;1.0;1.0;1.0;down;0.5
613;607.61;1.0;1.0;0.8920876483006457;1.0;1.0;0.0;down;0.5
614;514.98;1.0;1.0;0.0;1.0;0.0;0.0;down;0.0
615;565.63;1.0;1.0;0.0;1.0;0.0;0.0;down;0.0
616;575.52;1.0;1.0;0.0;1.0;0.0;0.0;down;0.0
617;576.64;1.0;0.0;0.0;1.0;0.0;0.0;down;0.0
618;588.78;1.0;0.0;0.0;1.0;0.0;0.0;down;0.0
619;592.6;1.0;0.0;1.0;0.0;0.0;0.0;down;0.5
620;589.46;1.0;0.0;0.49794913741017555;0.3785224133854838;1.0;0.0;down;0.3629130966952271
621;583.53;1.0;0.0;0.0;1.0;1.0;0.0;down;0.0
622;591.7;1.0;0.0;1.0;0.0;1.0;0.0;down;0.5
623;587.57;1.0;0.0;1.0;0.0;1.0;0.0;down;0.5
624;586.0;1.0;0.33346071308901803;1.0;0.0;1.0;1.0;down;0.5
625;582.11;1.0;1.0;1.0;1.0;1.0;0.0;down;0.5
626;567.45;1.0;0.5292150484579523;0.08367168032211283;1.0;0.9375198078873426;0.0;down;0.07069846678024193
627;565.79;0.5420796539916791;0.0;0.0;0.027868539235860166;0.0;0.8328723346858077;down;0.0
628;577.53;0.0;0.0;1.0;0.0;0.0;1.0;no;0.5
629;570.47;0.0;0.0;0.19603633362938142;0.34496036282965165;0.0;1.0;no;0.15833333333333294
630;569.71;1.0;0.0;0.0;1.0;0.0;0.846312828367415;no;0.0
631;572.11;0.6741028128030202;0.0;0.0;1.0;0.0;0.0;no;0.0
632;580.0;1.0;0.0;0.21568891622295688;0.7156133828996321;0.0;0.0;no;0.14219330855018344
633;578.47;1.0;0.0;0.0;1.0;0.0;0.0;no;0.0
634;583.85;1.0;0.0;1.0;0.0;0.5142875784555722;0.0;no;0.5
635;580.71;1.0;0.0;1.0;0.8339114837486921;1.0;0.0;no;0.5
636;577.11;1.0;0.0;0.10104867769266475;1.0;1.0;0.0;no;0.07058823529411844
637;576.99;1.0;0.0;0.8905520155137275;0.18771648837831603;1.0;0.35411797914523807;no;0.4592521572387336
638;577.84;1.0;0.5100652427001816;1.0;0.0;1.0;1.0;no;0.5
639;567.41;1.0;0.0;0.0;1.0;1.0;0.0;no;0.0
640;573.0;0.0;0.0;0.2864767041647771;0.5978552278820397;0.6088686528568239;0.04558552248894169;no;0.20107238605898026
641;571.5;0.0;0.0;0.0;0.834451901565994;0.0;0.0;no;0.08277404921700275
642;575.23;1.0;0.0;1.0;0.0;1.0;1.0;no;0.5
643;570.76;0.0;0.0;0.0;0.10693580876619195;1.0;1.0;no;0.0
644;571.6;0.0;0.0;0.0;0.5120354425891148;0.0;0.7726352375649299;no;0.0
645;572.0;0.0;0.0;0.0;1.0;0.0;0.0;no;0.0
646;592.5;0.0;0.0;0.0;1.0;0.0;0.0;no;0.0
647;604.25;0.0;0.0;0.14970639426024573;0.887714134926505;0.0;0.0;no;0.04885057471264255
648;603.74;0.0;0.0;0.0;1.0;0.0;0.0;no;0.0
649;608.96;0.0;0.0;0.0;0.0;0.0;0.0;no;0.0
650;614.39;0.0;0.0;0.0;0.0;0.0;0.0;up;0.5
651;625.66;0.0;0.0;1.0;0.0;0.6171067076012148;1.0;up;1.0
652;622.0;0.0;0.0;0.999685270415219;0.0;1.0;1.0;up;0.9997254255903352
653;622.01;0.0;1.0;1.0;0.0;1.0;1.0;up;1.0
654;603.8;0.0;1.0;0.0;1.0;1.0;1.0;up;0.5
655;607.0;0.0;1.0;0.0;1.0;1.0;1.0;up;0.5
656;607.73;0.0;1.0;0.9549593894976709;0.058282587300998265;1.0;1.0;up;0.9701492537313487
657;607.89;0.0;1.0;1.0;0.0;1.0;1.0;up;1.0
658;605.21;0.0;1.0;0.702717047568422;0.0;1.0;1.0;up;0.8145161290322753
659;605.9;0.0;1.0;0.5391160189805493;0.0;0.8948664629021846;1.0;no;0.23484848484848442
660;604.04;0.0;1.0;0.0;1.0;0.0;1.0;no;0.0
661;608.0;0.0;1.0;1.0;0.0;0.0;1.0;no;0.5
662;607.88;0.775524475524308;1.0;1.0;0.0;0.10818812069693841;1.0;no;0.5
663;606.95;1.0;1.0;1.0;0.0;1.0;1.0;no;0.5
664;594.66;1.0;1.0;0.07118925849244657;0.917249417249426;1.0;1.0;no;0.04137529137528722
665;593.95;1.0;1.0;0.0;1.0;0.0;0.0;no;0.0
666;602.53;1.0;1.0;1.0;0.04291471986520592;0.0;0.5021387516072152;no;0.5
667;600.14;1.0;1.0;0.38892788428476655;1.0;0.05066001712236369;0.0;down;0.19868995633187891
668;597.41;0.802469135802833;0.0;0.0;1.0;0.0;0.0;down;0.0
669;604.28;1.0;0.0;0.7187085893712971;1.0;0.0;0.0;no;0.33139534883716704
670;604.57;1.0;0.0;0.7298580539032057;0.9505927918235798;0.0;0.0;no;0.34400000000000547
671;603.71;0.9606557377052755;0.0;0.0;1.0;0.0;0.0;no;0.0
672;604.96;0.0;0.0;0.0;1.0;0.0;0.0;no;0.0
673;608.26;0.0;0.0;0.19839686019751687;0.0;0.0;0.0;no;0.0
674;612.0;0.0;0.0;1.0;0.0;1.0;0.36124417210270887;no;0.5
675;608.59;0.0;0.0;0.5076281411526428;0.6365979381443082;1.0;0.2202671426751791;no;0.1817010309278458
676;611.06;0.17369727047134642;0.8292203173327479;1.0;0.0;1.0;1.0;up;1.0
677;607.18;0.0;0.0;0.0;1.0;1.0;0.0;no;0.0
678;610.98;0.0;0.0;0.2137866213130067;0.5868613831654496;0.0;0.0;no;0.0822622107969137
679;610.34;0.0;0.0;0.0;1.0;0.0;0.0;no;0.0
680;614.23;0.0;0.0;0.8149944626220857;0.0;0.0;0.0;no;0.3563218390804605
681;614.48;0.0;0.0;0.688118415430822;0.3635686599622851;0.0;0.13864191429937223;up;0.7471590909090935
682;613.61;0.0;0.0;0.0;1.0;0.0;0.0;up;0.5
683;615.37;0.0;0.0;0.0;0.7489579560260053;0.0;0.0;up;0.5
684;638.91;0.0;0.0;1.0;0.0;0.0;1.0;up;1.0
685;635.06;0.0;0.0;0.0;1.0;0.0;0.25656489835122925;up;0.5
686;635.61;0.0;0.0;0.5391426340148071;0.6304019710541041;0.2777991122194168;0.16033201443536338;up;0.5
687;638.38;0.0;0.0;1.0;0.0;1.0;1.0;up;1.0
688;636.01;0.0;0.0;0.6279589390344635;0.866666666666692;1.0;0.8872083540958395;up;0.566666666666654
689;638.09;0.0;1.0;1.0;0.0;1.0;1.0;up;1.0
690;635.69;0.0;1.0;1.0;0.0;1.0;1.0;up;1.0
691;635.58;0.0;1.0;1.0;0.0;1.0;1.0;up;1.0
692;627.98;0.0;1.0;0.2592962841476102;0.0;1.0;1.0;up;0.6023622047244074
693;627.72;0.0;0.36574294753152387;0.0;1.0;1.0;0.3708309904762239;no;0.0
694;628.99;0.0;0.0;0.0;1.0;0.0;0.0;no;0.0
695;655.0;0.0;0.0;1.0;0.0;0.0;0.0;no;0.5
696;649.69;0.0;0.0;1.0;0.0;0.0;0.8768442936176126;no;0.5
697;648.14;0.0;0.0;0.0;0.5732159090569615;0.0;0.5350980649766284;no;0.0
698;648.33;0.0;0.0;0.0;1.0;0.0;0.0;no;0.0
699;673.14;0.0;0.0;0.0;1.0;0.0;0.0;up;0.5
700;682.67;0.0;0.0;0.0;0.6595616642391607;0.0;0.0;up;0.5
701;685.29;0.0;0.0;0.5660528250079246;0.0;0.0;0.7523781036187426;up;0.5
702;712.06;0.0;0.0;1.0;0.0;1.0;1.0;up;1.0
703;696.36;0.0;0.0;0.0;1.0;1.0;1.0;up;0.5
704;697.67;0.0;0.0;0.0;1.0;0.4337363931972305;0.0;up;0.5
705;726.6;0.0;0.09937805855210373;0.9579744078313177;0.11060568714366825;0.616235526232509;0.7665315102771914;up;0.9385103926096999
706;732.99;0.0;1.0;1.0;0.0;1.0;1.0;up;1.0
707;681.03;0.0;1.0;0.0;1.0;1.0;1.0;up;0.5
708;702.98;0.0;1.0;0.0;0.47086057488245786;1.0;1.0;up;0.5
709;703.63;0.0;1.0;0.0;1.0;0.0;1.0;up;0.5
710;710.22;0.0;1.0;1.0;0.0;0.0;1.0;up;1.0
711;706.5;0.0;1.0;0.0;1.0;0.0;0.702290589938097;up;0.5
712;710.19;0.0;0.6776057442374228;0.026912777823990375;0.6405470758623698;1.0;0.38477694632067283;up;0.5
713;720.44;0.0;1.0;1.0;0.0;1.0;1.0;up;1.0
714;714.5;0.0;1.0;0.93611291964137;0.1029641185647451;1.0;1.0;up;0.948517940717627
715;715.82;0.0;1.0;1.0;0.0;1.0;1.0;up;1.0
716;703.0;1.0;1.0;0.5724967598790053;0.532915360501571;1.0;1.0;no;0.23354231974921374
717;701.51;0.0;1.0;0.0;1.0;0.0;1.0;no;0.0
718;704.7;0.0;0.42679183251150965;0.0;1.0;0.0;0.0;no;0.0
719;710.82;0.0;0.0;0.0;1.0;0.0;0.0;no;0.0
720;737.99;0.0;0.0;0.2235632172053115;0.0;0.0;0.0;no;0.05506117908787587
721;737.0;0.0;0.0;0.0;1.0;0.0;0.0;no;0.0
722;745.99;0.0;0.11095222604316174;0.9221357386669189;0.0743609925211793;0.0;0.24141259035717355;no;0.4203736654804262
723;749.57;0.0;1.0;1.0;0.0;1.0;1.0;up;1.0
724;727.09;0.0;1.0;0.0;1.0;1.0;0.007624006133026491;up;0.5
725;736.97;0.0;0.38293826610157083;0.12543000721892772;1.0;0.0;0.0;up;0.5
726;746.61;0.0;1.0;1.0;0.0;1.0;1.0;up;1.0
727;740.17;0.0;1.0;1.0;0.0;1.0;1.0;up;1.0
728;735.7;0.0;1.0;0.873456651355304;0.18575418994412424;1.0;1.0;up;0.9071229050279377
729;737.03;0.0;1.0;1.0;0.0;1.0;1.0;up;1.0
730;729.87;0.0;1.0;0.9110487058785424;0.0;1.0;1.0;up;0.8858024691358014
731;726.12;0.0;1.0;0.0;0.6874276157524337;0.3585512921600653;1.0;no;0.0
732;730.98;0.0;1.0;0.0;0.7329321295013218;0.0;1.0;no;0.0
733;730.99;0.0;0.0;0.0;1.0;0.0;0.0;no;0.0
734;742.06;0.0;0.0;0.0;1.0;0.0;0.0;no;0.0
735;751.6;0.0;0.0;0.0;0.0;0.0;0.0;no;0.0
736;769.99;0.0;0.0;1.0;0.0;0.44439072097140747;1.0;no;0.5
737;762.79;0.0;0.583889652439857;1.0;0.0;1.0;1.0;no;0.5
738;761.99;0.0;1.0;1.0;0.0;1.0;1.0;up;1.0
739;750.0;0.0;0.276078047828062;0.0;1.0;0.1609193138482658;0.03032189958998232;up;0.5
740;758.91;0.0;0.0;0.0;1.0;0.0;0.0;up;0.5
741;766.85;0.0;0.0;0.0;1.0;0.0;0.0;up;0.5
742;767.96;0.0;0.0;0.0;1.0;0.0;0.0;up;0.5
743;769.49;0.0;0.5011893142060886;0.6447723716678277;0.687500000000009;0.0;0.0;up;0.6562499999999958
744;772.35;0.0;1.0;0.7864453352491011;0.5287270806724786;1.0;0.0;up;0.7135523613963046
745;768.19;0.0;0.0;0.0;0.7685244717088323;0.17992634122165632;0.0;up;0.5
746;777.93;0.0;0.32638739039135145;0.8472442961353224;0.0;1.0;1.0;up;0.8388429752065986
747;778.71;0.0;1.0;1.0;0.0;1.0;1.0;up;1.0
748;776.29;0.0;1.0;0.48610168189483094;0.5679977396873255;1.0;1.0;up;0.6348920863309339
749;774.79;0.0;0.1995733409020526;0.0;1.0;0.020728531373623852;0.0;up;0.5
750;780.35;0.0;0.0;0.0;1.0;0.0;0.0;up;0.5
751;788.4;0.0;0.0;0.0;1.0;0.0;0.0;up;0.5
752;788.68;0.0;0.0;0.0;1.0;0.0;0.0;up;0.5
753;790.65;0.0;0.0;0.0;1.0;0.0;0.0;up;0.5
754;801.02;0.0;0.0;0.0;0.08972532591988261;0.0;0.0;up;0.5
755;828.1;0.0;0.0;0.0;0.021516949623870824;0.0;0.8586063660328624;up;0.5
756;858.94;0.0;0.0;0.5941100132480508;0.7946682680013348;0.0;0.2378199600723722;up;0.5
757;916.0;0.0;0.0;1.0;0.0;1.0;1.0;up;1.0
758;892.63;0.0;0.0;0.463273910911121;0.8450536524539917;1.0;1.0;up;0.5646029609690463
759;891.67;0.0;0.0;0.0;1.0;1.0;0.012005101925009079;up;0.5
760;899.1;0.0;0.0;0.0;1.0;0.0;0.0;up;0.5
761;929.92;0.0;0.0;0.0;0.6995027584577295;0.0;0.0;up;0.5
762;975.97;0.0;0.0;1.0;0.0;0.0;0.7206237177814427;up;1.0
763;968.99;0.0;0.0;1.0;0.0;1.0;1.0;up;1.0
764;959.03;0.0;0.0;0.0;1.0;1.0;0.056540082103140196;up;0.5
765;964.32;0.0;0.0;0.0;1.0;0.0;0.0;up;0.5
766;998.8;0.0;0.0;0.0;0.31087529464595537;0.0;0.17918901541156845;up;0.5
767;1014.1;0.0;0.0;0.0;1.0;0.0;0.0;up;0.5
768;1036.99;0.0;0.0;0.8594131535661192;0.0;0.4958764487548565;1.0;up;0.6671464135677612
769;1122.56;0.0;1.0;1.0;0.0;1.0;1.0;up;1.0
770;994.02;0.0;1.0;1.0;0.0;1.0;1.0;up;1.0
771;891.56;1.0;1.0;0.0;1.0;1.0;1.0;no;0.0
772;897.14;0.0;1.0;0.0;1.0;1.0;1.0;no;0.0
773;906.17;0.0;1.0;0.7171663674126761;0.22459222082811667;1.0;1.0;no;0.3877038895859428
774;899.99;0.9372121040322974;1.0;0.9152362158587222;0.1191300729154553;1.0;1.0;no;0.4665547629039026
775;907.96;1.0;1.0;1.0;0.0;1.0;1.0;no;0.5
776;788.81;1.0;1.0;0.0;1.0;1.0;1.0;no;0.0
777;816.0;1.0;1.0;0.0;1.0;0.4015185892487916;1.0;no;0.0
778;826.9;1.0;1.0;1.0;0.0;0.0;1.0;no;0.5
779;819.66;1.0;1.0;0.0;1.0;0.0;1.0;down;0.0
780;822.47;1.0;0.519010915757794;0.0;1.0;0.0;0.0;down;0.0
781;829.62;1.0;0.0;0.0;1.0;0.0;0.0;down;0.0
782;906.08;1.0;0.0;1.0;0.66204725222865;0.0;0.0;no;0.5
783;876.74;1.0;0.0;0.0;1.0;0.0;0.0;no;0.0
784;900.46;1.0;0.0;0.20794866202587173;1.0;0.0;0.0;no;0.09497645211930981
785;895.62;0.0;0.0;0.0;1.0;0.0;0.0;no;0.0
786;921.1;0.0;0.0;0.9805341311582791;1.0;0.0;0.0;no;0.4275000000000091
787;919.39;0.0;0.0;0.9418826924941262;0.07044734061289183;1.0;0.0;no;0.46477632969355404
788;921.39;1.0;1.0;1.0;0.0;1.0;1.0;no;0.5
789;893.0;0.11769779659686748;0.3721309651144207;0.0021997533134843882;0.997534365407109;1.0;0.16937338617946937;no;0.0010688328345437057
790;892.95;0.0;0.0;0.0;1.0;0.33558667158664346;0.0;no;0.0
791;916.34;0.0;0.0;0.0;0.0;0.0;0.0;no;0.0
792;917.84;0.0;0.0;1.0;0.0;0.0;0.14871972855254564;no;0.5
793;917.75;0.0;0.0;0.6555155798770572;0.06550386837872756;1.0;0.9893844503396723;no;0.29135338345864453
794;913.1;0.0;0.0;0.0;1.0;0.0;0.0;up;0.5
795;921.08;0.0;0.0;0.0;1.0;0.0;0.0;up;0.5
796;965.01;0.0;0.0;0.0;1.0;0.0;0.0;up;0.5
797;983.36;0.0;0.0;0.0;0.15106644740969152;0.0;0.0;up;0.5
798;1008.18;0.0;0.0;0.0;0.0;0.0;0.0;up;0.5
799;1012.64;0.0;0.0;0.5098433914899174;0.08922532438846031;0.22994388095024856;0.8976464541094135;up;0.5
800;1034.44;0.0;0.0;1.0;0.0;1.0;1.0;up;1.0
801;1014.57;0.0;0.0;0.0;1.0;1.0;0.19980226772002532;up;0.5
802;1023.7;0.0;0.0;0.0;1.0;0.0;0.0;up;0.5
803;1054.12;0.0;0.4606191659977024;0.9806284737903825;0.0;0.7651146687040854;0.9847809130714511;up;0.9808743169398899
804;1056.99;0.0;1.0;1.0;0.0;1.0;1.0;up;1.0
805;981.96;0.0;1.0;0.0;1.0;1.0;1.0;up;0.5
806;997.57;0.0;1.0;0.0;1.0;1.0;1.0;up;0.5
807;1011.98;0.0;1.0;1.0;0.0;1.0;1.0;up;1.0
808;1001.63;0.0;1.0;0.15170474258224623;0.7304877768630799;0.763315607765231;1.0;up;0.561278863232682
809;1000.25;0.0;1.0;0.0;1.0;0.0;0.0;no;0.0
810;1011.51;0.0;1.0;0.0;1.0;0.0;0.0;no;0.0
811;1011.53;0.0;0.0;0.0;1.0;0.0;0.0;no;0.0
812;1032.7;0.0;0.0;0.0;1.0;0.0;0.0;no;0.0
813;1055.46;0.0;0.0;0.8958833234184007;0.2043478260869624;0.0;0.0;no;0.39782608695651883
814;1056.4;0.0;0.0;0.27609472604582047;0.7359350008679472;1.0;0.0;no;0.07142857142857345
815;1051.8;0.0;0.0;0.0;1.0;0.0;0.0;no;0.0
816;1084.0;0.0;0.0;0.0;0.5086641627468454;0.0;0.0;up;0.5
817;1124.62;0.0;0.0;0.0;0.0;0.0;0.0;up;0.5
818;1130.01;0.0;0.0;0.0;0.2363506648192773;0.0;0.3925995647455734;up;0.5
819;1188.11;0.0;0.0;1.0;0.0;1.0;1.0;up;1.0
820;1180.14;0.0;0.0;1.0;0.0;1.0;1.0;up;1.0
821;1152.2;0.0;0.0;0.0;1.0;1.0;0.20343929310664838;up;0.5
822;1179.05;0.0;0.0;0.0;1.0;0.0;0.0;up;0.5
823;1194.64;0.0;0.0;0.2811379644353252;0.7995974620563581;0.0;0.0;up;0.5487492893689605
824;1191.21;0.0;0.0;0.0;1.0;0.0;0.0;up;0.5
825;1226.39;0.0;0.0;0.0;0.0;0.0;0.04273143532620196;up;0.5
826;1257.6;0.0;0.0;0.7080154742449751;0.5433061084039732;0.44923081284977523;0.18457223300949083;up;0.5
827;1285.33;0.0;0.0;1.0;0.0;1.0;1.0;up;1.0
828;1260.0;0.0;0.0;0.0;1.0;1.0;0.0;up;0.5
829;1273.0;0.0;0.9230335707132582;0.9567116878627322;0.045630415390073155;1.0;0.9340677842593144;up;0.9395906690140845
830;1278.49;0.0;1.0;1.0;0.0;1.0;1.0;up;1.0
831;1233.05;0.0;1.0;1.0;0.0;1.0;1.0;up;1.0
832;1150.05;0.1442226595445436;1.0;0.437247516862075;1.0;1.0;1.0;no;0.22375541125541054
833;1190.89;1.0;1.0;1.0;0.34715742597083526;1.0;1.0;no;0.5
834;1116.97;0.04823972050517279;1.0;0.0;1.0;1.0;0.0;no;0.0
835;1176.55;0.0;0.0;0.0;1.0;0.0;0.0;no;0.0
836;1226.62;0.0;0.0;0.0;1.0;0.0;0.0;no;0.0
837;1242.46;0.0;0.0;0.0;1.0;0.0;0.0;no;0.0
838;1245.86;0.0;0.8394267615930683;0.8975118571025676;0.13530106257379015;0.0;0.3888274252994531;no;0.4323494687131049
839;1257.32;1.0;1.0;1.0;0.0;1.0;1.0;no;0.5
840;1172.62;1.0;1.0;1.0;0.0;1.0;1.0;no;0.5
841;1071.02;1.0;1.0;1.0;0.0;1.0;1.0;no;0.5
842;969.4;1.0;1.0;0.0;1.0;1.0;1.0;no;0.0
843;1017.97;1.0;1.0;0.0;1.0;0.1717619900606932;0.5154026107029911;no;0.0
844;1035.96;1.0;0.8043646807249152;0.0;1.0;0.0;0.0;down;0.0
845;1114.39;1.0;1.0;1.0;0.0;0.0527701163346376;1.0;down;0.5
846;1037.56;1.0;1.0;1.0;0.0;1.0;1.0;down;0.5
847;1029.65;1.0;1.0;1.0;0.0;1.0;1.0;down;0.5
848;929.06;1.0;1.0;0.0;1.0;1.0;1.0;down;0.0
849;956.02;1.0;1.0;0.0;1.0;0.04933610049528195;0.0;down;0.0
850;960.0;1.0;0.0;0.0;1.0;0.0;0.0;down;0.0
851;1039.92;1.0;0.0;0.45124002098387384;0.5340610440183877;0.0;0.0;down;0.24657534246575652
852;1043.99;1.0;0.0;1.0;0.8148163204420292;0.0;0.0;down;0.5
853;1035.96;1.0;0.0;0.05236349198320684;1.0;0.0;0.0;down;0.030865883638350137
854;1033.7;1.0;0.0;0.0;1.0;0.0;0.0;no;0.0
855;1070.31;0.0;0.0;0.0;1.0;0.0;0.0;no;0.0
856;1083.94;0.0;0.0;0.09759893942241442;0.8235423911794213;0.0;0.0;no;0.044412822049131696
857;1078.01;0.0;0.0;0.0;1.0;0.0;0.0;no;0.0
858;1144.77;0.0;0.0;1.0;0.0;0.0;0.0;no;0.5
859;1143.0;0.0;0.0;0.20174078769252704;0.5599528150654655;0.0;0.0;up;0.5748178425448736
860;1134.58;0.0;0.0;0.0;1.0;0.0;0.0;up;0.5
861;1190.85;0.0;0.0;1.0;0.0;0.0;0.0;up;1.0
862;1190.66;0.0;0.0;0.4467975885968958;0.0;0.0;0.0;up;0.6495263870094743
863;1184.03;0.0;0.0;0.0;1.0;0.0;0.0;up;0.5
864;1206.2;0.0;0.0;0.0;0.0;0.0;0.0;up;0.5
865;1209.25;0.0;0.0;0.19910385408587758;0.12070836482338919;0.8490887876538923;0.3700438430407817;up;0.5
866;1218.99;0.0;0.13131409385551593;1.0;0.0;1.0;1.0;up;1.0
867;1212.17;0.0;1.0;1.0;0.0;1.0;1.0;up;1.0
868;1172.91;0.0;1.0;0.9517023466087918;0.0;1.0;1.0;up;0.9131832797427747
869;1170.34;0.0;1.0;0.7808911500204765;0.09172163880308967;1.0;1.0;up;0.860412926391378
870;1173.45;0.0;1.0;0.906231866471085;0.0;1.0;1.0;up;0.8914265635980354
871;1162.31;0.0;1.0;0.0;0.9630595045341591;0.3191633791131078;0.9780379172393519;no;0.0
872;1176.54;0.0;0.0;0.0;1.0;0.0;0.0;no;0.0
873;1202.58;0.0;0.0;0.0;0.7621855440993927;0.0;0.0;no;0.0
874;1203.98;0.0;0.0;0.0;1.0;0.0;0.0;no;0.0
875;1234.19;0.0;0.0;0.514427076105001;0.17050352349921033;0.0;0.0;no;0.047550432276658165
876;1243.61;0.0;0.0;1.0;0.0;0.0;0.0;no;0.5
877;1233.2;0.0;0.0;0.0;1.0;0.0;0.0;up;0.5
878;1241.99;0.0;0.0;0.0;1.0;0.0;0.0;up;0.5
879;1253.58;0.0;0.0;0.0;0.0;0.0;0.8358585223680169;up;0.5
880;1269.0;0.0;0.0;0.0;0.15716820296653308;1.0;1.0;up;0.5
881;1287.99;0.0;0.0;0.0;1.0;0.0;0.0;up;0.5
882;1331.53;0.0;0.0;0.9946972504754157;0.0;0.0;0.0;up;0.6804347826086834
883;1330.7;0.0;0.0;0.0;1.0;0.0;0.0;up;0.5
884;1333.0;0.0;0.0;0.0;0.38614881558674363;0.0;0.09587474173436385;up;0.5
885;1350.21;0.0;0.0;0.0;0.0;1.0;1.0;up;0.5
886;1390.86;0.0;0.0;0.0;1.0;0.16053031321340824;0.4011014679690564;up;0.5
887;1447.75;0.0;0.0;0.0;0.46976599457072793;0.0;0.5076982266197291;up;0.5
888;1503.22;0.0;0.0;0.7689094036998319;0.0;1.0;1.0;up;0.5
889;1537.23;0.0;0.0;1.0;0.42960470847997534;1.0;1.0;up;0.7589285714285712
890;1514.9;0.0;0.0;0.0;1.0;1.0;0.7594171935540819;up;0.5
891;1558.02;0.0;0.0;0.2563566977318895;0.9114569216221663;1.0;0.08039432424670709;up;0.5209881712551031
892;1554.01;0.0;0.0;0.0;1.0;0.0;0.0;up;0.5
893;1649.54;0.0;0.0;0.0;0.0;0.0;0.0;up;0.5
894;1720.28;0.0;0.0;0.0;0.59526767220398;0.0;0.0;up;0.5
895;1772.58;0.0;0.0;0.9482800960768285;0.0;0.719921800453469;1.0;up;0.7960055498758577
896;1828.45;0.0;0.9513493750606071;1.0;0.0;1.0;1.0;up;1.0
897;1691.51;0.0;0.0;0.0;1.0;1.0;1.0;up;0.5
898;1776.89;0.0;0.8108916620008327;0.9671602815554159;0.02096187136429471;1.0;1.0;up;0.9547249108507393
899;1784.0;0.0;1.0;1.0;0.0;1.0;1.0;up;1.0
900;1705.48;0.0;1.0;0.13134865916860358;0.7312231681484466;1.0;1.0;up;0.5329597493371898
901;1700.01;0.0;0.1095202449360114;0.0;1.0;0.17146912420129604;0.0;up;0.5
902;1782.99;0.0;0.0;0.0;1.0;0.0;0.0;up;0.5
903;1878.99;0.0;0.0;0.0;1.0;0.0;0.0;up;0.5
904;1958.0;0.0;0.0;0.0;0.1546273277119397;0.0;0.0;up;0.5
905;2013.99;0.0;0.0;0.0;0.0;0.0;0.9090983082398866;up;0.5
906;2017.55;0.0;0.0;0.0;0.3841891778304974;0.46264615584852226;0.9473129757045752;up;0.5
907;2099.97;0.0;0.0;0.0;1.0;0.0;0.0;up;0.5
908;2264.23;0.0;0.0;0.7738134644213991;0.0;0.6109209720165476;0.9233212138524496;up;0.5
909;2420.29;0.0;0.0;1.0;0.0;1.0;1.0;up;1.0
910;2292.53;0.0;0.9009956938634717;1.0;0.0;1.0;1.0;up;1.0
911;2279.82;0.0;1.0;1.0;0.0;1.0;1.0;up;1.0
912;2042.0;0.0;1.0;0.0;1.0;1.0;1.0;up;0.5
913;2178.81;0.0;0.842560330112897;0.3039454809872697;1.0;0.0;0.8069690072742769;up;0.5
914;2292.1;0.0;1.0;1.0;0.0;0.0;1.0;up;0.9687301587301571
915;2203.51;0.0;0.17663863799107218;0.0;1.0;0.0;0.11389179897562811;up;0.5
916;2298.01;0.0;0.0;0.0;1.0;0.0;0.0;up;0.5
917;2413.63;0.0;0.0;0.0;1.0;0.0;0.0;up;0.5
918;2488.94;0.0;0.0;0.0;1.0;0.0;0.0;up;0.5
919;2540.94;0.0;0.0;0.169328545515673;0.9363858582245269;0.0;0.0;up;0.5318070708877365
920;2530.27;0.0;0.0;0.0;1.0;0.0;0.0;up;0.5
921;2698.0;0.0;0.0;0.6820112981710215;0.1094416243440406;0.2386563132937752;0.0;up;0.5378584795913202
922;2880.74;0.0;0.13277792077202963;1.0;0.0;1.0;0.8529370059204614;up;1.0
923;2683.03;0.0;0.0;0.0;1.0;1.0;0.0;up;0.5
924;2806.0;0.0;0.0;0.0;1.0;0.8622534685419214;0.0;up;0.5
925;2822.32;0.0;0.0;0.0;1.0;0.0;0.0;up;0.5
926;2899.99;0.0;0.7252242487835566;0.9181075004491576;0.05937485102558992;0.1250675537407228;0.6908809877309134;up;0.9055752890374703
927;2954.22;0.0;1.0;1.0;0.0;1.0;1.0;up;1.0
928;2667.06;0.0;1.0;0.8933218151657469;0.09890237847541902;1.0;1.0;up;0.9289384238400126
929;2703.02;0.0;1.0;1.0;0.0;1.0;1.0;up;1.0
930;2450.0;0.0;1.0;0.4074104717107963;1.0;1.0;1.0;no;0.20988790363058518
931;2424.91;0.0;1.0;0.0;1.0;0.9008360991134357;0.7697941527570173;no;0.0
932;2484.68;0.0;1.0;0.0;1.0;0.0;0.0;no;0.0
933;2630.0;0.3537575668092839;1.0;1.0;0.0;0.0;1.0;no;0.5
934;2516.98;0.0;1.0;0.0;1.0;0.0;0.0;no;0.0
935;2598.0;0.8122485471614266;0.1909379682119322;0.0;1.0;0.0;0.0;no;0.0
936;2740.0;1.0;1.0;1.0;0.0;0.0;0.0;no;0.5
937;2657.04;0.7482430756509912;1.0;0.0;1.0;0.8616194857534845;0.0;no;0.0
938;2713.48;1.0;1.0;1.0;0.0;1.0;0.7850400780068061;no;0.5
939;2685.05;1.0;1.0;1.0;0.0;1.0;1.0;no;0.5
940;2557.66;1.0;1.0;1.0;0.0;1.0;1.0;no;0.5
941;2502.03;1.0;1.0;0.5290647461032394;0.9909969850579182;1.0;0.7189139639299963;no;0.2810196132980953
942;2421.22;1.0;1.0;0.0;1.0;0.0;0.0;no;0.0
943;2565.0;1.0;1.0;1.0;0.026547574489455873;0.0;0.0;no;0.5
944;2559.9;0.0;1.0;1.0;0.0;0.0;1.0;down;0.5
945;2541.59;0.43849453438495933;1.0;1.0;0.0;1.0;1.0;no;0.5
946;2465.49;1.0;1.0;0.5043781487526956;0.4227925184863003;1.0;1.0;no;0.2886037407568503
947;2412.41;1.0;1.0;0.0;1.0;0.1675174497976929;0.0;no;0.0
948;2504.37;0.0;0.0;0.0;1.0;0.0;0.0;no;0.0
949;2550.47;1.0;0.0;0.0;1.0;0.0;0.0;no;0.0
950;2596.12;1.0;0.0;0.0;1.0;0.0;0.0;no;0.0
951;2602.9;1.0;0.5834008163322049;1.0;0.0;0.31956491323019187;0.025946902367213254;no;0.5
952;2600.39;1.0;1.0;1.0;0.23976910628112033;1.0;0.6653819386713963;no;0.5
953;2501.46;1.0;1.0;0.0;1.0;1.0;0.0;no;0.0
954;2550.07;1.0;1.0;1.0;0.0;1.0;1.0;no;0.5
955;2502.28;1.0;1.0;1.0;0.0;1.0;1.0;no;0.5
956;2323.45;1.0;1.0;0.1431400905344201;0.98359949835073;1.0;1.0;no;0.10649841502072546
957;2305.98;1.0;1.0;0.0;1.0;1.0;0.9392537812570013;no;0.0
958;2388.0;1.0;1.0;1.0;0.0;0.46064728968767016;1.0;no;0.5
959;2339.99;1.0;1.0;1.0;0.0;1.0;1.0;down;0.5
960;2213.37;1.0;1.0;1.0;0.0;1.0;1.0;down;0.5
961;1970.51;1.0;1.0;0.08451964319580206;1.0;0.7681710300216735;0.21494856493944517;down;0.08574115510587914
962;1917.63;1.0;0.0;0.0;1.0;0.0;0.0;down;0.0
963;2226.0;1.0;0.0;0.0;1.0;0.0;0.0;down;0.0
964;2303.71;1.0;0.0;0.07673967703519226;0.8911240607549908;0.0;0.0;down;0.03156669181069823
965;2265.21;0.0;0.0;0.0;1.0;0.0;0.0;down;0.0
966;2875.03;0.0;0.0;1.0;0.0;0.0;0.0;no;0.5
967;2670.0;0.0;0.0;0.0;1.0;0.0;0.0;no;0.0
968;2832.71;0.0;0.0;1.0;0.0;0.9951078355798473;0.0;no;0.5
969;2749.02;0.0;0.0;0.9578001350206757;0.05615904898544828;1.0;0.458697051252548;no;0.47192047550727595
970;2759.98;0.0;1.0;1.0;0.0;1.0;1.0;up;1.0
971;2564.82;0.0;1.0;0.30061350170665513;0.7181972548464662;1.0;1.0;up;0.6409013725767665
972;2524.99;0.0;0.0;0.0;1.0;0.1425044288778515;0.0;up;0.5
973;2666.33;0.0;0.0;0.1135060231094933;1.0;0.0;0.0;up;0.5
974;2777.01;0.0;0.0;1.0;0.0;0.0;0.0;up;1.0
975;2680.56;0.0;0.0;0.0;1.0;0.0;0.0;up;0.5
976;2742.37;0.0;0.0;0.32202783318686984;0.4594023992493578;0.0;0.0;up;0.5455492348369517
977;2855.81;0.0;1.0;1.0;0.0;1.0;1.0;up;1.0
978;2731.0;0.0;1.0;0.3560716603746779;0.35778289546114667;1.0;1.0;up;0.6529601602492761
979;2703.51;0.0;0.0;0.0;1.0;0.8093358999843656;0.0;up;0.5
980;2793.37;0.033742124591480474;0.0;0.0;1.0;0.0;0.0;up;0.5
981;2855.0;0.0;0.0;0.0;1.0;0.0;0.0;no;0.0
982;3263.62;0.0;0.0;0.507769161809806;0.4772536654711821;0.0;0.0;no;0.12399878640776653
983;3222.75;0.0;0.0;0.0;1.0;0.0;0.0;no;0.0
984;3387.55;0.0;0.0;0.8469545734560574;0.0;0.0;0.0;no;0.3209449726303684
985;3412.41;0.0;0.0;1.0;0.0;1.0;1.0;up;0.9955739577384327
986;3342.99;0.0;0.0;0.0;1.0;0.26235402076228137;0.0;up;0.5
987;3413.03;0.0;0.0;0.0;1.0;0.0;0.0;up;0.5
988;3645.06;0.0;0.0;0.0;0.0;0.0;0.0;up;0.5
989;3855.1;0.0;0.0;0.0;0.6076750253152637;0.0;0.11732338328263436;up;0.5
990;4053.87;0.0;0.0;0.5536258908666852;0.5781780659381727;0.0;0.1654034479762902;up;0.5
991;4306.23;0.0;0.0;1.0;0.008599684063470132;0.9172173442264094;1.0;up;0.8373213245507896
992;4155.67;0.0;0.0;0.3152003495036639;1.0;0.0;0.0;up;0.5
993;4378.84;0.0;0.09267432159775611;1.0;0.0;1.0;1.0;up;1.0
994;4276.5;0.0;1.0;1.0;0.0;1.0;1.0;up;1.0
995;4100.0;0.0;1.0;1.0;0.0;1.0;1.0;up;1.0
996;4099.55;0.0;1.0;1.0;0.0;1.0;1.0;up;1.0
997;4058.68;0.0;1.0;1.0;0.27000410340582753;1.0;1.0;up;0.8649979482970858
998;3987.52;0.0;1.0;0.0;1.0;0.0;1.0;up;0.5
999;4085.0;0.0;1.0;0.0;0.9046116961797336;0.0;0.23230406782861557;up;0.5
1000;4108.12;0.0;0.0;0.0;1.0;0.0;0.0;up;0.5
1001;4300.34;0.0;0.8163347750507848;0.0040166318412321374;0.9392034551842908;0.0;0.0;up;0.5
1002;4355.98;0.0;1.0;1.0;0.0;0.0;0.0;up;1.0
1003;4333.38;0.0;1.0;0.0;1.0;0.7842330055795789;0.0;up;0.5
1004;4337.68;0.0;0.7858725972325145;0.0;1.0;0.0;0.0;up;0.5
1005;4379.99;0.0;0.0;0.0;1.0;0.0;0.0;up;0.5
1006;4578.82;0.0;0.0;0.10613591836633979;0.8845901601877587;0.0;0.0;up;0.5174469141934679
1007;4573.2;0.0;0.0;0.0;1.0;0.0;0.0;up;0.5
1008;4734.26;0.0;0.0;0.810878822245312;0.06253939376546898;0.28847439077646153;0.6620971651797529;up;0.708763206960846
1009;4921.7;0.0;1.0;1.0;0.0;1.0;1.0;up;1.0
1010;4599.9;0.0;1.0;0.9883324652168789;0.019316042033652937;1.0;1.0;up;0.9903419789831736
1011;4606.26;0.0;1.0;1.0;0.0;1.0;1.0;up;1.0
1012;4277.0;0.0;1.0;0.0;0.5928086403183074;1.0;1.0;no;0.0
1013;4396.52;0.0;1.0;0.0;1.0;0.0;0.0;no;0.0
1014;4605.8;0.0;1.0;0.9790689309819076;0.030363036303629486;0.0;0.9498773929642095;no;0.4848184818481851
1015;4615.0;0.753279729157797;1.0;1.0;0.0;1.0;1.0;no;0.5
1016;4312.0;1.0;1.0;1.0;0.0;1.0;1.0;no;0.5
1017;4308.72;1.0;1.0;1.0;0.0;1.0;1.0;no;0.5
1018;4226.22;1.0;1.0;1.0;0.0;1.0;1.0;no;0.5
1019;4207.31;1.0;1.0;1.0;0.0;1.0;1.0;no;0.5
1020;4172.56;1.0;1.0;1.0;0.0;1.0;1.0;down;0.5
1021;3865.34;1.0;1.0;0.8475890421978723;0.699940511102793;1.0;0.9929264077703839;down;0.5
1022;3227.79;1.0;1.0;0.0;1.0;0.18808336563266012;0.0;down;0.0
1023;3700.01;1.0;1.0;1.0;1.0;0.0;0.0;down;0.5
1024;3678.93;1.0;0.9399095403643071;0.028384922139836285;0.9822621170824523;0.0;0.0;down;0.018171040331957815
1025;3662.99;1.0;0.0;0.0;1.0;0.0;0.0;down;0.0
1026;4101.6;1.0;0.0;1.0;0.0;0.0;0.0;no;0.5
1027;3888.8;1.0;0.9920360663293003;1.0;0.0;0.9184903159885602;0.48004006780889863;no;0.5
1028;3874.46;1.0;1.0;1.0;0.0;1.0;1.0;no;0.5
1029;3617.05;1.0;1.0;0.020888070348691418;1.0;1.0;0.0;no;0.01458171147973034
1030;3612.18;1.0;0.32868396334876854;0.0;1.0;1.0;0.0;no;0.0
1031;3779.17;1.0;0.29080137383962695;0.38284900974388614;0.5470486247931275;0.012639606104764216;0.0065536993576713705;down;0.2264756876034364
1032;3664.22;1.0;0.0;0.0;1.0;0.0;0.0;down;0.0
1033;3918.0;1.0;0.0;0.09997972459012641;1.0;0.0;0.0;no;0.04814303154918689
1034;3888.03;0.0;0.0;0.0;1.0;0.0;0.0;no;0.0
1035;4199.29;0.0;0.0;1.0;0.0;0.0;0.0;no;0.5
1036;4184.84;0.0;0.0;0.15252097033136655;0.3829333554483072;0.0;0.0;no;0.06206982079742166
1037;4164.82;0.0;0.0;0.0;1.0;0.0;0.0;no;0.0
1038;4326.09;0.0;0.0;0.0;0.3946759225284463;0.0;0.0;up;0.5
1039;4377.22;0.0;0.0;0.8752617162365359;0.0;0.3822571864748147;0.7461699117623113;up;0.9057501652346374
1040;4391.48;0.0;0.0;1.0;0.0;1.0;1.0;up;1.0
1041;4315.83;0.0;0.15506796610777332;1.0;0.0;1.0;1.0;up;1.0
1042;4219.53;0.0;0.0;0.0;1.0;1.0;0.22582341907131467;up;0.5
1043;4301.09;0.0;0.0;0.0;1.0;0.27523676131444796;0.0;up;0.5
1044;4362.95;0.0;0.0;0.0;1.0;0.0;0.0;up;0.5
1045;4423.3;0.0;0.0;0.0;0.3815142364190979;0.0;0.0;up;0.5
1046;4597.98;0.0;0.0;0.0;0.0;0.0;1.0;up;0.5
1047;4764.7;0.0;0.0;0.4140245623250944;0.0;0.0;1.0;up;0.6059543454345421
1048;4749.29;0.0;0.0;0.0;1.0;0.0;0.0;up;0.5
1049;4822.01;0.0;0.0;0.0;0.877666385064773;0.0;0.0;up;0.5
1050;5445.0;0.0;0.0;0.0;0.0;0.0;0.7508578848302395;up;0.5
1051;5653.6;0.0;0.0;0.7026235319455705;1.0;0.0;0.0;up;0.5
1052;5801.29;0.0;0.0;1.0;0.0;1.0;1.0;up;1.0
1053;5679.7;0.0;0.0;0.8646075051680515;0.44484872986995816;1.0;0.7779660178219377;up;0.7775756350650209
1054;5745.72;0.0;0.23310591656679303;1.0;0.0;1.0;1.0;up;1.0
1055;5597.31;0.0;1.0;0.32043367181632454;0.8524288186908104;1.0;1.0;up;0.5654149519890274
1056;5582.05;0.0;0.0;0.0;1.0;0.0;0.0;up;0.5
1057;5698.69;0.0;0.0;0.0;1.0;0.0;0.0;up;0.5
1058;5977.29;0.0;0.0;0.7646968347642484;0.0;0.2936888149421817;1.0;up;0.5932298695456586
1059;6013.46;0.0;0.9233799485819845;1.0;0.0;1.0;1.0;up;1.0
1060;5969.0;0.0;1.0;1.0;0.0;1.0;1.0;up;1.0
1061;5871.17;0.0;1.0;1.0;0.0;1.0;1.0;up;1.0
1062;5523.4;0.0;1.0;0.0;1.0;1.0;1.0;no;0.0
1063;5735.88;0.0;1.0;0.2750448689051486;0.4702986835079577;0.0;1.0;no;0.0
1064;5890.0;0.0;1.0;1.0;0.0;0.7477738087732323;1.0;no;0.5
1065;5771.89;0.0;1.0;0.18111477976972215;0.8579493321069028;1.0;0.576527751895142;no;0.050654076915511825
1066;5730.69;0.0;0.0;0.0;1.0;0.0;0.0;no;0.0
1067;6137.37;0.0;0.0;0.12384050399328311;0.9049363742688293;0.0;0.0;no;0.027655782572719903
1068;6119.99;0.0;0.0;0.0;1.0;0.0;0.0;no;0.0
1069;6434.21;0.0;0.0;0.0;0.0060611465159111895;0.0;0.0;no;0.0
1070;6741.59;0.0;0.0;0.0;0.0;0.0;1.0;no;0.0
1071;7030.0;0.0;0.0;0.0;0.9702260332105606;0.0;0.6149180241801555;up;0.5
1072;7146.82;0.0;0.0;0.0;1.0;0.0;0.0;up;0.5
1073;7388.83;0.0;0.0;1.0;0.0;1.0;0.8563986227714073;up;1.0
1074;7372.72;0.0;1.0;1.0;0.0;1.0;1.0;up;1.0
1075;6967.68;0.0;0.4006568043782006;0.0;1.0;1.0;1.0;up;0.5
1076;7130.28;0.0;0.2318109739541705;0.5536373732247877;0.08508715216236609;1.0;1.0;up;0.5
1077;7450.32;0.0;1.0;1.0;0.0;1.0;1.0;up;1.0
1078;7148.0;0.0;1.0;1.0;0.0;1.0;1.0;up;1.0
1079;6588.18;0.0;1.0;1.0;0.0;1.0;1.0;no;0.5
1080;6355.13;0.0;1.0;0.7301988471145445;0.3949917244641691;1.0;1.0;no;0.37015882712278564
1081;5870.37;0.0;1.0;0.0;1.0;0.0;0.0;no;0.0
1082;6525.17;0.0;0.5989654381493134;0.0;1.0;0.0;0.0;no;0.0
1083;6609.0;0.0;0.0;0.0;1.0;0.0;0.0;no;0.0
1084;7294.0;0.0;0.0;0.0;1.0;0.0;0.0;no;0.0
1085;7846.96;0.0;0.0;1.0;0.0;0.0;0.0;no;0.5
1086;7674.99;0.0;0.0;0.0;1.0;0.0;0.0;no;0.0
1087;7771.03;0.0;0.0;0.0;1.0;0.0;0.0;no;0.0
1088;8016.58;0.0;0.0;0.2560740051397142;0.15441865550735048;0.0;0.0;up;0.5
1089;8226.17;0.0;0.0;1.0;0.0;0.0;0.0;up;1.0
1090;8095.23;0.0;0.0;0.736921624869253;0.5293101156453575;0.9987971524510804;0.0;up;0.7353449421773214
1091;8214.69;0.0;1.0;1.0;0.0;1.0;1.0;up;1.0
1092;7989.0;0.0;0.0;0.0;1.0;1.0;0.0;up;0.5
1093;8199.19;0.0;0.0;0.0;1.0;0.0;0.0;up;0.5
1094;8717.99;0.0;0.0;0.0;0.0778929888353381;0.0;0.0;up;0.5
1095;9271.06;0.0;0.0;0.0;0.9057096095731862;0.0;0.0;up;0.5
1096;9708.07;0.0;0.0;0.0;0.0;0.3185433760913387;0.9885471110945161;up;0.5
1097;9868.82;0.0;0.0;1.0;0.0;1.0;1.0;up;0.6794454833726299
1098;9824.68;0.0;0.0;0.0;1.0;1.0;1.0;up;0.5
1099;9947.67;0.0;0.0;0.0;1.0;1.0;0.0;up;0.5
1100;10840.45;0.0;0.0;0.0;0.8356924909326354;0.0;0.0;up;0.5
1101;10872.0;0.0;0.0;0.0;1.0;0.0;0.0;up;0.5
1102;11250.0;0.0;0.0;0.0;1.0;0.0;0.0;up;0.5
1103;11613.07;0.0;0.0;0.0;1.0;0.0;0.0;up;0.5
1104;11677.0;0.0;0.0;0.0;1.0;0.0;0.0;up;0.5
1105;13623.5;0.0;0.0;0.6185962260509507;0.11397837310833847;0.0;0.0;up;0.5
1106;16599.99;0.0;0.0;1.0;0.0;0.5049663813165095;1.0;up;1.0
1107;15800.0;0.0;0.0;1.0;0.0;1.0;1.0;up;1.0
1108;14607.49;0.0;0.0;0.0;0.9728716274910344;1.0;1.0;up;0.5
1109;14691.0;0.0;0.0;0.0;1.0;1.0;0.0;up;0.5
1110;16470.0;0.0;0.0;0.8832940981930754;0.09228466386284835;0.9222831500588811;0.0;up;0.7749931251718718
1111;16650.01;0.0;0.0;1.0;0.0;1.0;1.0;up;1.0
1112;16250.0;0.0;0.0020926611390081388;0.0;1.0;1.0;0.0;up;0.5
1113;16404.99;0.0;0.0;0.0;1.0;0.14128139739379916;0.0;up;0.5
1114;17471.5;0.0;0.0;0.0;0.6883632150554244;0.0;0.0;up;0.5
1115;19187.78;0.0;0.0;1.0;0.0;0.0;1.0;up;1.0
1116;18953.0;0.0;0.7008619020965594;1.0;0.0;0.9061949320903564;1.0;up;1.0
1117;18940.57;0.0;1.0;1.0;0.0;1.0;1.0;up;1.0
1118;17700.0;0.0;1.0;1.0;0.0;1.0;1.0;up;1.0
1119;16466.98;0.23692765037449037;1.0;1.0;0.0;1.0;1.0;no;0.5
1120;15600.01;1.0;1.0;1.0;0.0;1.0;1.0;no;0.5
1121;14009.79;1.0;1.0;0.0;1.0;1.0;1.0;no;0.0
1122;14619.0;1.0;1.0;1.0;0.0;0.0;1.0;no;0.5
1123;14157.87;1.0;1.0;0.13688216210905632;0.8669353968356748;0.02185398916362673;0.9222740877321031;no;0.0665323015821624
1124;13911.28;1.0;1.0;0.0;1.0;0.0;0.0;down;0.0
1125;15764.44;1.0;1.0;1.0;0.0;0.0;0.43863903044710867;down;0.5
1126;15364.93;1.0;1.0;1.0;0.0;1.0;1.0;down;0.5
1127;14470.07;1.0;1.0;1.0;0.0;1.0;1.0;down;0.5
1128;14340.0;1.0;1.0;1.0;0.0;1.0;1.0;down;0.5
1129;12640.0;1.0;1.0;0.0;1.0;1.0;0.9853333440482599;down;0.0
1130;13880.0;1.0;1.0;0.3240740458648724;0.7763816544210648;0.0;0.2598101989471995;down;0.17668126229229558
1131;13443.41;1.0;0.0;0.0;1.0;0.0;0.0;down;0.0
1132;14678.94;1.0;0.0;0.0;1.0;0.0;0.0;down;0.0
1133;15155.62;0.9964758770773886;0.0;0.0085102919876494;1.0;0.0;0.0;no;0.003348595831488774
1134;15143.67;0.0;0.0;0.0;1.0;0.0;0.0;no;0.0
1135;16928.0;0.0;0.0;0.8592628720295832;0.18381320678006896;0.0;0.0;no;0.3919368205528208
1136;17149.67;0.0;0.6653937665844244;1.0;0.0;0.9134731475750635;1.0;no;0.5
1137;16124.02;0.0;1.0;1.0;0.0;1.0;1.0;no;0.5
1138;14999.99;0.43707829189633285;1.0;1.0;0.0;1.0;1.0;up;1.0
1139;14403.51;1.0;1.0;0.668020191419361;0.2955369671787586;1.0;1.0;no;0.3522315164106209
1140;14890.02;1.0;1.0;1.0;0.0;1.0;1.0;no;0.5
1141;13243.83;1.0;1.0;0.0;1.0;1.0;1.0;no;0.0
1142;13781.41;0.14109266957013475;1.0;0.1606257018880609;0.15320359241769613;0.0;1.0;no;0.1213372378544534
1143;14197.78;0.0;1.0;1.0;0.0;0.9717989131883874;1.0;down;0.5
1144;13647.99;1.0;1.0;1.0;0.0;1.0;1.0;no;0.5
1145;13607.04;1.0;1.0;1.0;0.8779350106582576;1.0;1.0;no;0.5
1146;11386.34;1.0;1.0;1.0;1.0;1.0;0.1779398892487748;no;0.5
1147;11191.35;1.0;1.0;0.0;1.0;0.06878198440601978;0.0;no;0.0
1148;11247.57;1.0;1.0;0.0;1.0;0.0;0.0;down;0.0
1149;11552.0;1.0;0.01691059207086467;0.0;1.0;0.0;0.0;down;0.0
1150;12775.99;1.0;1.0;1.0;0.0;0.9847914677972458;0.9175020294792324;down;0.5
1151;11558.87;1.0;1.0;1.0;0.0;1.0;1.0;down;0.5
1152;10808.99;1.0;1.0;0.0;1.0;1.0;0.24765359353076047;down;0.0
1153;10851.82;1.0;0.0;0.0;1.0;0.0;0.0;down;0.0
1154;11400.96;1.0;0.3037955988828286;1.0;0.0;0.0;0.0;down;0.5
1155;11155.54;1.0;0.0;0.11504308639435512;0.8609873132380319;0.0;0.0;down;0.08850646228682955
1156;11092.95;1.0;0.0;0.0;1.0;0.0;0.0;down;0.0
1157;11446.54;1.0;0.0;0.4087356184162313;1.0;0.0;0.0;down;0.2714547957778803
1158;11685.58;1.0;0.775584476308548;1.0;0.0;1.0;0.8314458699414696;down;0.5
1159;11162.62;1.0;1.0;1.0;0.0;1.0;1.0;down;0.5
1160;9971.0;1.0;1.0;0.7131777529703511;0.0;1.0;1.0;down;0.42260936861418597
1161;10149.0;1.0;1.0;1.0;0.42143137250358786;1.0;1.0;down;0.5
1162;8998.99;1.0;1.0;0.19015866693774658;1.0;1.0;0.10370875444546568;down;0.20690902514016948
1163;8838.83;1.0;1.0;0.22582139611841293;0.47833052229752887;0.0;0.3624403218846224;down;0.3130036913205649
1164;9225.86;1.0;1.0;1.0;0.0;1.0;1.0;down;0.5
1165;8191.0;1.0;1.0;0.6487542854126623;0.6830566634635445;1.0;1.0;down;0.5
1166;6874.27;1.0;1.0;0.0;1.0;0.0;0.0;down;0.0
1167;7737.37;1.0;0.5793241357564318;0.10908627117488064;0.777655377744698;0.0;0.0;down;0.11117231112765141
1168;7588.01;1.0;0.0;0.0;1.0;0.0;0.0;down;0.0
1169;8259.76;1.0;0.0;0.0;1.0;0.0;0.0;down;0.0
1170;8693.98;1.0;0.0;1.0;0.0;0.0;0.0;down;0.5
1171;8560.0;1.0;0.0;0.3901024884013812;0.6408122380903946;0.8194846496912679;0.03978819891761985;down;0.29627403846153844
1172;8067.0;1.0;0.0;0.0;1.0;0.0;0.0;down;0.0
1173;8899.0;1.0;0.0;0.30439305590945087;1.0;0.0;0.0;no;0.1942220477484273
1174;8522.99;1.0;0.0;0.0;1.0;0.0;0.0;no;0.0
1175;9490.98;0.10943935305467567;0.0;0.0;1.0;0.0;0.0;no;0.0
1176;10018.0;0.0;0.0;0.0;1.0;0.0;0.0;no;0.0
1177;10196.0;0.0;0.0;0.0;0.10892085586514459;0.0;0.0;no;0.0
1178;11101.0;0.0;0.0;1.0;0.0;1.0;0.25805585640350076;no;0.45212383966805864
1179;10421.06;0.0;0.0;0.0;1.0;0.4592400285973973;0.0;no;0.0
1180;11173.0;0.0;0.0;0.9409502834088811;0.0;1.0;1.0;up;0.9614737056925295
1181;11233.41;0.0;0.0;1.0;0.0;1.0;1.0;up;1.0
1182;10449.4;0.0;1.0;1.0;0.0;1.0;1.0;up;1.0
1183;9843.34;0.0;0.784851283769071;0.3099030870041493;0.6105517341087885;1.0;1.0;up;0.6610447165570983
1184;10166.1;0.0;1.0;1.0;0.0;1.0;1.0;up;1.0
1185;9689.99;0.0;0.9853528332094136;0.1237008882510307;0.6223907079912594;1.0;1.0;no;0.06802466447063875
1186;9590.04;0.0;0.0;0.0;1.0;0.0;0.0;no;0.0
1187;10324.7;0.0;0.0;0.16258355325450116;0.2608384094193604;0.0;0.526539041047969;no;0.019490851233096868
1188;10566.3;0.0;0.0;0.4746030491910683;0.0967442244042499;0.0;1.0;no;0.2136919232273089
1189;10314.9;0.0;0.0;0.0;1.0;0.0;0.0;no;0.0
1190;10903.13;0.0;0.0;0.0;1.0;0.0;0.0;no;0.0
1191;11029.99;0.0;0.0;0.0;1.0;0.0;0.0;up;0.5
1192;11445.0;0.0;0.0;0.7302169921783321;0.41494435612083147;0.0;0.0;up;0.7925278219395848
1193;11463.27;0.0;0.0;1.0;0.0;0.8326244294126708;0.46267098926483524;up;1.0
1194;11419.24;1.0;1.0;1.0;0.0;1.0;1.0;up;1.0
1195;10723.76;1.0;1.0;1.0;0.0;1.0;1.0;no;0.5
1196;9913.03;1.0;1.0;1.0;0.0;1.0;1.0;no;0.5
1197;9285.32;1.0;1.0;1.0;1.0;1.0;1.0;no;0.5
1198;9230.0;1.0;1.0;0.4069205875437329;0.41023709939884745;1.0;1.0;no;0.2948814503005768
1199;8791.47;1.0;1.0;0.0;1.0;0.0;0.11471225236291388;no;0.0
1200;9535.04;1.0;1.0;1.0;0.0;0.0;1.0;down;0.5
1201;9120.75;1.0;1.0;0.9661988864095293;0.03883514270635951;0.6196509048054373;1.0;down;0.48859490498397906
1202;9142.32;1.0;1.0;1.0;0.0;1.0;1.0;down;0.5
1203;8196.69;1.0;1.0;0.0;1.0;1.0;1.0;down;0.0
1204;8265.05;1.0;1.0;1.0;0.0;1.0;1.0;down;0.5
1205;8258.54;1.0;1.0;0.673342439458232;0.35173947562854396;1.0;1.0;down;0.5
1206;7860.83;1.0;0.7877473241757375;0.0;1.0;0.0;0.0;down;0.0
1207;8188.24;1.0;0.0;0.0;1.0;0.0;0.0;down;0.0
1208;8596.93;1.0;0.0;0.0;1.0;0.0;0.0;down;0.0
1209;8904.02;1.0;0.0;1.0;1.0;0.0;0.0;down;0.5
1210;8893.79;1.0;0.0;0.694545150320524;0.7877963007416555;0.0;0.0;no;0.4375347029428098
1211;8704.67;1.0;0.0;0.2995062417727767;0.5781856122421689;0.24882177361404612;0.0;no;0.21090719387891557
1212;8920.79;1.0;0.0;1.0;0.0;1.0;1.0;no;0.5
1213;8547.0;1.0;0.8675654961073783;1.0;0.0;1.0;1.0;no;0.5
1214;8453.9;1.0;1.0;1.0;0.0;1.0;1.0;no;0.5
1215;8149.66;1.0;1.0;1.0;0.0;1.0;1.0;no;0.5
1216;7791.7;1.0;1.0;0.6888979774165623;0.3859134605366514;1.0;1.0;no;0.41664395815314614
1217;7932.41;1.0;1.0;1.0;0.0;1.0;1.0;down;0.5
1218;7088.38;1.0;1.0;1.0;1.0;1.0;1.0;down;0.5
1219;6850.0;1.0;1.0;0.0;1.0;1.0;1.0;down;0.15847089487402144
1220;6928.62;1.0;1.0;0.21371252976019023;0.9586607942448925;0.0;0.9363634701162104;down;0.24055341916067455
1221;6813.52;1.0;0.01564487256208317;0.0;1.0;0.0;0.0;down;0.0
1222;7052.76;1.0;0.0;0.0;0.6018643358223906;0.0;0.0;down;0.20509637850467302
1223;7416.27;1.0;1.0;1.0;0.0;0.7882639074480962;1.0;down;0.5
1224;6799.95;1.0;1.0;1.0;0.0;1.0;1.0;down;0.5
1225;6771.69;1.0;0.3910191355911323;0.2744187129501568;0.5724213022119999;1.0;1.0;down;0.2675786020867499
1226;6618.33;1.0;0.0;0.0;1.0;0.0;0.0;down;0.0
1227;6904.9;1.0;0.0;0.22940801805322542;0.8443549696416877;0.0;0.0;down;0.2524680368991733
1228;7027.26;1.0;0.0;1.0;0.0;0.0;0.3046150687085127;down;0.5
1229;6780.1;1.0;0.0;0.0;1.0;0.13908118378994583;0.0;down;0.0
1230;6835.67;1.0;0.0;0.0;1.0;0.0;0.0;down;0.0
1231;6940.94;0.010673559749670278;0.0;0.0;1.0;0.0;0.0;down;0.0
1232;7923.78;0.0;0.0;0.2843869702794128;0.0;0.0;0.0;no;0.1297709923664109
1233;7896.92;0.0;0.0;0.0;1.0;0.0;0.0;no;0.0
1234;8000.41;0.0;0.0;0.09800181506954274;0.6036800001165858;0.0;0.0;no;0.0
1235;8354.22;0.0;0.0;1.0;0.0;1.0;0.5773510124714815;no;0.5
1236;8048.15;0.0;0.0;0.6284186026996424;0.4422101642018669;1.0;0.6130191182265525;up;0.7788949178990665
1237;7890.87;0.0;0.0;0.0;1.0;1.0;0.0;up;0.5
1238;8172.84;0.0;0.0;0.0;1.0;0.0;0.0;up;0.5
1239;8271.31;0.0;0.0;0.0;1.0;0.0;0.0;up;0.5
1240;8861.0;0.0;0.0;0.7444437606716482;0.0;0.0;0.0;up;0.7716634799235216
1241;8920.71;0.0;0.0;1.0;0.07792117972523954;0.0;0.15450383466693435;up;0.9164277979489097
1242;8789.96;0.0;0.0;0.0;1.0;0.0;0.0;up;0.5
1243;8946.95;0.0;0.0;0.46476251942065283;0.028628992123559013;0.5623707188930903;0.803677182578263;up;0.5523364963410435
1244;9648.0;0.0;0.0;1.0;0.0;1.0;1.0;up;1.0
1245;8864.99;0.0;0.0;0.18771862870935332;0.30291244223272723;1.0;1.0;up;0.5
1246;9274.48;0.0;0.3937408721325216;1.0;0.13637301415433095;1.0;1.0;up;0.9166469977341378
1247;8921.43;0.0;0.0;0.0;1.0;0.0;0.0;up;0.5
1248;9345.11;0.0;0.0;0.7984941257268242;0.3219602160453122;0.0;0.0;up;0.839019891977344
1249;9393.99;0.0;1.0;1.0;0.0;0.8752116050758092;1.0;up;1.0
1250;9242.17;0.0;1.0;1.0;0.0;1.0;1.0;up;1.0
1251;9066.9;0.0;0.2694653522501963;0.0;1.0;0.21255941680942614;0.15148715547261415;up;0.5
1252;9222.0;0.0;0.0;0.0;1.0;0.0;0.0;up;0.5
1253;9732.43;0.0;0.0;0.4563759135868362;0.0;0.0;0.0;up;0.6415042222397613
1254;9696.57;0.0;0.0;0.6330305773807705;0.0;0.0;0.3214209574308647;up;0.6828126564533867
1255;9823.28;0.0;1.0;1.0;0.0;1.0;1.0;up;1.0
1256;9623.54;0.0;1.0;1.0;0.0;1.0;1.0;up;1.0
1257;9359.52;0.3498276928514996;1.0;1.0;0.0;1.0;1.0;up;1.0
1258;9167.69;1.0;1.0;0.5767071775694891;0.33082658278436206;1.0;1.0;no;0.25513043478260994
1259;9308.49;0.8192477927374447;1.0;1.0;0.0;1.0;1.0;no;0.5
1260;9020.99;1.0;1.0;1.0;0.0;1.0;1.0;no;0.5
1261;8411.42;1.0;1.0;0.0;1.0;1.0;1.0;no;0.0
1262;8481.6;1.0;1.0;0.0;1.0;0.0;0.0;no;0.0
1263;8696.58;1.0;1.0;1.0;0.0;0.0;0.9933295368516811;no;0.5
1264;8674.36;1.0;1.0;1.0;0.0;0.0;1.0;down;0.5
1265;8474.99;1.0;1.0;1.0;0.0;1.0;1.0;down;0.5
1266;8346.59;1.0;1.0;1.0;0.21742366158626483;1.0;1.0;down;0.5
1267;8067.03;1.0;1.0;0.0;1.0;0.0;0.0;down;0.0
1268;8248.87;1.0;1.0;0.04549334106669071;0.9666904032730459;0.0;0.0;down;0.030753968253968506
1269;8231.2;1.0;0.0;0.0;1.0;0.0;0.0;down;0.0
1270;8518.48;1.0;1.0;1.0;0.0;0.0;0.5744341476480335;down;0.5
1271;8391.76;1.0;1.0;1.0;0.0;1.0;1.0;down;0.5
1272;7984.08;1.0;1.0;1.0;0.9807688694455959;1.0;1.0;down;0.5
1273;7502.89;1.0;1.0;0.0;1.0;1.0;0.0;down;0.13703543647363908
1274;7586.88;1.0;1.0;1.0;0.0;1.0;1.0;down;0.5
1275;7471.18;1.0;1.0;1.0;0.0;1.0;1.0;down;0.5
1276;7335.99;1.0;1.0;0.9005058476744721;0.5846806182659647;1.0;1.0;down;0.4757333219805004
1277;7347.39;1.0;1.0;0.3292233790253776;0.760466234832903;0.6081027886197365;0.38693899980758023;down;0.32902367278330363
1278;7112.5;1.0;0.0;0.0;1.0;0.0;0.0;down;0.0
1279;7469.45;1.0;0.0;0.4791219092008998;0.19588159588159493;0.0;0.0;down;0.40205920205920254
1280;7375.73;1.0;0.0;0.0;1.0;0.0;0.0;down;0.0
1281;7492.28;1.0;0.0;0.0;1.0;0.0;0.0;down;0.0
1282;7511.6;1.0;0.0;0.0;1.0;0.0;0.0;down;0.0
1283;7642.0;1.0;0.0;0.6318610142344371;0.3912354853714106;0.0;0.0;down;0.3568543707348774
1284;7703.67;1.0;0.0;1.0;0.6041148537319045;1.0;0.03496950992166504;no;0.5
1285;7488.26;1.0;0.0;0.0;1.0;1.0;0.0;no;0.0
1286;7617.98;1.0;0.0;0.0;1.0;0.0;0.0;no;0.0
1287;7658.57;0.0;0.0;0.5018493881285846;0.4315020373752987;0.0;0.0;no;0.28424898131235066
1288;7689.28;0.0;0.0;1.0;0.0;0.9802453566859143;0.0;no;0.5
1289;7618.11;0.9612126455426653;0.917438332249293;1.0;0.0;1.0;1.0;no;0.5
1290;7492.7;1.0;1.0;1.0;0.0;1.0;1.0;no;0.5
1291;6781.17;1.0;1.0;0.3161048697819695;0.5894486225088101;1.0;1.0;no;0.3460395119836506
1292;6880.61;1.0;1.0;1.0;0.0;1.0;1.0;no;0.5
1293;6557.67;1.0;1.0;0.30765749507673423;1.0;1.0;1.0;no;0.36945674638322984
1294;6307.4;1.0;1.0;0.0;1.0;0.0;0.13187042584461578;down;0.0
1295;6646.1;1.0;1.0;1.0;0.0;0.0;1.0;down;0.5
1296;6390.6;1.0;1.0;0.0;1.0;0.0;1.0;down;0.0
1297;6487.92;1.0;0.11544764592274617;0.07233121138463483;0.8892024181009246;0.0;0.15143620844377814;down;0.06790900861899365
1298;6453.41;1.0;0.0;0.0;1.0;0.0;0.0;down;0.0
1299;6707.5;1.0;0.0;0.0;1.0;0.0;0.0;down;0.0
1300;6736.52;1.0;0.0;0.2887037049273553;1.0;0.0;0.0;down;0.23777777777778444
1301;6756.58;1.0;0.3825254196012639;1.0;0.0;0.3420865422827031;0.8333405067678371;down;0.5
1302;6718.33;1.0;1.0;1.0;0.0;1.0;1.0;down;0.5
1303;6050.45;1.0;1.0;0.0;1.0;1.0;0.9301452848737004;down;0.0
1304;6177.38;1.0;1.0;0.1189560452850481;1.0;1.0;0.0;down;0.11964873765093535
1305;6153.4;1.0;0.0;0.01319321327665611;0.6458514989871402;0.0;0.0;down;0.23005226011529495
1306;6253.61;1.0;0.9732668935212138;1.0;0.0;0.0;1.0;down;0.5
1307;6068.0;1.0;0.619576334466163;0.5389413854045879;0.2354251505342673;1.0;0.8567846942177196;down;0.38228742473286653
1308;6135.64;1.0;0.6714451599657659;0.44942297732630626;0.19983784420948267;1.0;1.0;down;0.4036273215138666
1309;5848.33;1.0;0.0;0.0;1.0;0.0;0.0;down;0.0
1310;6204.24;1.0;0.0;0.0;1.0;0.0;0.0;down;0.0
1311;6385.71;0.864385536128245;0.0;0.11235293694038678;0.8641773451462021;0.0;0.0;no;0.0679113274268989
1312;6349.99;0.20019046664324647;0.0;0.0;1.0;0.0;0.0;no;0.0
1313;6612.98;1.0;0.0;1.0;0.11527958613547487;0.0;0.0;no;0.5
1314;6507.99;1.0;0.0;0.0;1.0;0.834651277059993;0.0;no;0.0
1315;6584.25;1.0;0.0;0.7341545402175754;0.19541693189051143;1.0;0.0;no;0.40229153405474444
1316;6533.69;0.17166051244469346;0.0;0.0;1.0;1.0;0.0;no;0.0
1317;6596.53;0.0;0.0;0.0;1.0;0.0;0.0;no;0.0
1318;6759.99;0.0;0.0;1.0;0.0;0.0;0.0;no;0.5
1319;6706.6;0.0;0.0;1.0;0.0;1.0;0.9361222601508364;no;0.5
1320;6666.75;0.0;1.0;1.0;0.0;1.0;1.0;no;0.5
1321;6299.46;0.0;1.0;0.24581883831655213;0.5916838084043491;1.0;1.0;no;0.20415809579782535
1322;6380.0;0.0;1.0;1.0;0.0;1.0;1.0;no;0.5
1323;6243.88;0.0;1.0;0.6692353743656689;0.0;1.0;1.0;no;0.49823881648468726
1324;6215.59;0.0;1.0;0.0;1.0;0.0;1.0;no;0.0
1325;6243.98;0.09812693707053896;0.0;0.0;1.0;0.0;0.03249492093252808;no;0.0
1326;6349.3;0.0;0.0;0.0;1.0;0.0;0.0;no;0.0
1327;6721.04;0.0;0.0;0.0;0.564025541434269;0.0;0.0;no;0.0
1328;7310.71;0.0;0.0;0.0;0.4547488143514494;0.0;0.0;no;0.0
1329;7374.88;0.0;0.0;0.6660196031591754;0.44766746625519854;0.0;0.0;no;0.1566367904396073
1330;7471.42;0.0;0.0;1.0;0.0;1.0;0.3093246428141347;no;0.5
1331;7330.84;0.0;0.0;0.0;1.0;1.0;0.0;up;0.5
1332;7409.92;0.0;0.0;0.08243154122445191;0.9407201041176121;1.0;0.0;up;0.5206179183951454
1333;7396.6;0.0;0.0;0.0;1.0;0.0;0.0;up;0.5
1334;7719.62;0.0;0.0;0.0;0.08560705633169814;0.0;0.0;up;0.5
1335;8403.83;0.0;0.0;1.0;0.0;0.05144389132321588;1.0;up;1.0
1336;8174.06;0.0;0.0;1.0;0.0;1.0;1.0;up;0.9825131297412959
1337;7926.0;0.0;0.0;0.0;1.0;1.0;0.0;up;0.5
1338;8183.05;0.0;0.0;0.0;1.0;0.0;0.0;up;0.5
1339;8237.74;0.0;0.0;1.0;0.0;0.0;0.8038399365798489;up;1.0
1340;8216.74;0.0;1.0;1.0;0.0;0.6805899804802352;1.0;up;1.0
1341;8160.21;0.0;1.0;1.0;0.0;1.0;1.0;up;1.0
1342;7725.43;0.0;1.0;1.0;0.0;1.0;1.0;no;0.5
1343;7602.01;0.0;1.0;1.0;0.0;1.0;1.0;no;0.5
1344;7536.37;1.0;1.0;1.0;0.0;1.0;1.0;no;0.5
1345;7416.98;1.0;1.0;1.0;0.0;1.0;1.0;no;0.5
1346;7009.99;1.0;1.0;0.6877977005132657;1.0;1.0;1.0;no;0.38279792746114044
1347;7032.61;1.0;1.0;1.0;0.0;1.0;1.0;no;0.5
1348;6936.11;1.0;1.0;1.0;0.2762048372180238;1.0;1.0;down;0.5
1349;6717.68;1.0;1.0;0.9186055517228849;1.0;1.0;0.4004876221019779;down;0.5
1350;6283.59;1.0;1.0;0.0;0.9122270053465144;0.0;0.0;down;0.17782400871783466
1351;6543.76;1.0;1.0;1.0;0.0;0.0;1.0;down;0.5
1352;6139.99;1.0;1.0;0.0;1.0;0.0;0.0731478745424595;down;0.0
1353;6239.98;1.0;1.0;0.0;1.0;0.0;0.0;down;0.0
1354;6310.82;1.0;1.0;1.0;0.6161732104856861;0.0;0.0;down;0.5
1355;6252.63;1.0;1.0;0.3946667145253997;1.0;0.0;0.0;down;0.375
1356;6193.62;1.0;0.9840544951904521;0.0;1.0;0.0;0.0;down;0.0
1357;6272.3;1.0;0.0;0.0;1.0;0.0;0.0;down;0.0
1358;6313.51;1.0;0.0;0.0;1.0;0.0;0.0;down;0.0
1359;6580.15;1.0;0.0;1.0;0.5778178834767418;0.0;0.0;no;0.5
1360;6399.28;1.0;0.0;0.4895619874989183;0.3754513370624056;0.5154059751269155;0.0;no;0.31301713613962107
1361;6481.99;1.0;0.06351185300494379;0.7508573075580769;0.5863212514005659;1.0;0.19038479336764189;no;0.5
1362;6260.82;1.0;0.0;0.0;1.0;0.498161110694485;0.0;no;0.0
1363;6479.27;1.0;0.0;0.5764492966153434;0.0;1.0;0.03435944047020933;no;0.3648744460856727
1364;6355.76;0.0;0.0;0.0;1.0;1.0;0.0;no;0.0
1365;6525.01;0.0;0.0;0.0;1.0;0.0;0.0;no;0.0
1366;6692.94;0.0;0.0;0.0;1.0;0.0;0.0;no;0.0
1367;6732.4;0.0;0.0;0.16829743967363242;0.8096586032539442;0.0;0.0;no;0.07826513109531873
1368;6700.46;0.0;0.0;0.0;1.0;0.0;0.0;up;0.5
1369;6904.51;0.0;0.0;0.0;0.0;0.0;0.0;up;0.5
1370;7080.94;0.0;0.0;1.0;0.0;0.0;0.0;up;1.0
1371;7032.96;0.0;0.0;1.0;0.0;0.7218680162911867;1.0;up;1.0
1372;6984.01;0.0;0.0;0.0;1.0;1.0;0.0;up;0.5
1373;7017.35;0.0;0.0;0.0;1.0;0.0;0.0;up;0.5
1374;7185.01;0.0;0.0;0.0;1.0;0.0;0.0;up;0.5
1375;7290.31;0.0;0.0;0.5017972875934019;0.0;0.0;0.0;up;0.6535143613371265
1376;7258.99;0.0;0.4481970743688415;0.8828024415644191;0.0472250931741964;0.8453418684461143;0.9263114847863906;up;0.9251796978142877
1377;7361.0;0.0;1.0;1.0;0.0;1.0;1.0;up;1.0
1378;6679.3;0.0;1.0;1.0;0.0;1.0;1.0;no;0.5
1379;6493.09;1.0;1.0;1.0;0.0;1.0;1.0;no;0.5
1380;6400.0;1.0;1.0;1.0;0.0;1.0;1.0;no;0.5
1381;6178.31;1.0;1.0;0.0;1.0;1.0;1.0;no;0.0
1382;6236.04;1.0;1.0;0.0;1.0;0.09900671892567359;1.0;no;0.0
1383;6301.99;1.0;1.0;0.32024990038648565;0.48186528497408954;0.0;1.0;down;0.2590673575129531
1384;6279.99;1.0;1.0;0.0;1.0;0.0;0.09024895823625313;down;0.0
1385;6322.45;1.0;0.0;0.0;1.0;0.0;0.0;down;0.0
1386;6485.7;1.0;0.0;0.16754513331073312;0.7894133822181518;0.0;0.0;down;0.10529330889092257
1387;6476.51;1.0;0.0;0.0;1.0;0.0;0.0;down;0.0
1388;6520.15;1.0;0.4216203268929579;1.0;0.0;0.3902480720565537;0.7617560562177044;down;0.5
1389;6499.98;1.0;1.0;1.0;0.0;1.0;1.0;down;0.5
1390;6254.52;1.0;0.6283132353092092;0.0;1.0;1.0;0.16708489940903942;down;0.0
1391;6332.34;1.0;0.0;0.0;1.0;0.05595581057908614;0.0;down;0.0
1392;6388.4;0.7267904509283901;0.0;0.0;1.0;0.0;0.0;down;0.0
1393;6492.98;0.0;0.0;0.0;1.0;0.0;0.0;no;0.0
1394;6749.45;0.0;0.0;1.0;0.0;0.0;0.0;no;0.5
1395;6710.01;0.0;0.0;1.0;0.0;0.7644936910547302;0.0;no;0.5
1396;6702.22;0.0;0.49472292159182557;1.0;0.0;1.0;1.0;no;0.5
1397;6581.52;0.0;1.0;1.0;0.0;1.0;1.0;up;1.0
1398;6428.99;0.0;0.24672583143503765;0.0;1.0;1.0;0.6133694580730562;no;0.0
1399;6461.51;0.0;0.0;0.0;1.0;0.0;0.0;no;0.0
1400;6681.62;0.0;0.0;1.0;0.0;0.0;0.0;no;0.5
1401;6610.76;0.0;0.0;1.0;0.0;1.0;0.7464475726242727;no;0.5
1402;6579.38;0.0;0.0;0.35450933657739425;0.692596768132276;1.0;0.33140611106606893;no;0.15370161593386156
1403;6597.81;0.0;0.8242816160843709;1.0;0.0;0.6800668174603449;1.0;no;0.5
1404;6571.2;0.0;1.0;1.0;0.0;1.0;1.0;up;1.0
1405;6500.0;0.0;1.0;0.41062467126860014;0.0;1.0;1.0;no;0.23807688071373267
1406;6456.77;0.0;0.0;0.0;1.0;0.0;1.0;no;0.0
1407;6547.56;0.5659541315673627;0.0;0.13023678554422588;1.0;0.0;0.0;no;0.045741324921141906
1408;6582.12;1.0;0.0;1.0;0.3860159818912691;0.0;0.4681407573879367;no;0.5
1409;6544.08;1.0;0.0;0.0;1.0;0.0;0.0;no;0.0
1410;6577.63;1.0;0.0;0.0;0.6336148672317841;0.0;0.0;no;0.0
1411;6604.75;0.0;0.2989637700119097;1.0;0.0;0.0;1.0;no;0.5
1412;6588.8;0.7131659919028835;1.0;1.0;0.0;1.0;1.0;no;0.5
1413;6517.55;1.0;1.0;1.0;0.0;1.0;1.0;no;0.5
1414;6152.76;1.0;1.0;0.0;1.0;1.0;1.0;no;0.0
1415;6185.15;1.0;1.0;0.0;0.8711803475134915;1.0;1.0;no;0.06440982624325008
1416;6199.69;1.0;1.0;0.04303009634282168;0.9181604440196053;1.0;0.24270731977122337;no;0.0322524542011278
1417;6183.0;1.0;0.0;0.0;1.0;0.3160558866063085;0.0;down;0.0
1418;6441.74;1.0;0.0;0.21096205239709226;0.8138854035968291;0.0;0.0;down;0.09305729820158605
1419;6461.2;1.0;0.0;1.0;0.0;0.0;0.0;no;0.5
1420;6437.29;1.0;0.0;1.0;0.0;1.0;0.0;no;0.5
1421;6396.18;1.0;0.0;0.3630865787548881;0.5673469387754967;1.0;0.17402893547392112;no;0.2163265306122519
1422;6383.46;1.0;0.0;0.0;1.0;0.2835180183311774;0.0;no;0.0
1423;6412.86;1.0;0.0;0.9279844362400493;0.07103825136617976;0.0;0.0;no;0.46448087431690865
1424;6413.38;1.0;0.0;1.0;0.0;0.0;0.5012363770549783;no;0.5
1425;6406.06;1.0;0.0;0.5817463271956211;0.31805929919135106;0.6969837539493535;0.7768022822335441;no;0.34097035040432405
1426;6393.41;1.0;0.0;0.0;0.378528392639988;0.0;0.7008900601369153;no;0.0
1427;6411.96;0.4895397489540238;0.0;1.0;0.0;1.0;1.0;no;0.5
1428;6393.53;0.0;0.0;0.0;0.0;0.22584646059224112;1.0;no;0.0
1429;6406.1;0.0;0.0;0.24582872278103354;0.2750836251624867;0.0;1.0;no;0.12679425837335356
1430;6407.66;0.0;0.7760015676672222;1.0;0.0;0.8487671104700534;1.0;no;0.5
1431;6405.57;0.5152078012537437;1.0;1.0;0.0;1.0;1.0;no;0.5
1432;6266.52;1.0;1.0;0.0;1.0;1.0;1.0;no;0.0
1433;6269.46;1.0;1.0;0.0;1.0;0.0;0.0;no;0.0
1434;6303.27;1.0;0.0;0.0;1.0;0.0;0.0;no;0.0
1435;6340.99;1.0;0.0;0.3094385349745316;0.6117952041477841;0.0;0.0;no;0.19410239792610723
1436;6350.43;1.0;0.0;0.16142129105249842;0.8187821696363325;0.0;0.0;down;0.08892346703550169
1437;6335.0;0.12573673870231833;0.0;0.0;1.0;0.0;0.0;down;0.0
1438;6421.76;0.2456563706561425;0.0;0.4530146861545526;0.5810383747178253;0.0;0.0;no;0.20948081264108717
1439;6403.2;0.0;0.0;0.0;1.0;0.0;0.0;no;0.0
1440;6447.5;0.0;0.0;0.5307265225239064;0.0;0.2019981743867967;0.11353601873243374;no;0.21992461522353746
1441;6501.0;1.0;0.8649868389349428;1.0;0.0;1.0;1.0;no;0.5
1442;6405.49;1.0;1.0;1.0;0.0;1.0;1.0;no;0.5
1443;6325.0;1.0;1.0;0.0;1.0;1.0;1.0;no;0.0
1444;6349.32;1.0;1.0;0.7650210585320586;0.2078907435508408;1.0;1.0;no;0.3960546282245794
1445;6357.54;1.0;1.0;1.0;0.0;1.0;1.0;no;0.5
1446;6318.0;1.0;1.0;1.0;0.0;1.0;1.0;no;0.5
1447;6260.91;1.0;1.0;1.0;1.0;1.0;1.0;down;0.5
1448;5595.91;1.0;1.0;1.0;1.0;1.0;1.0;down;0.5
1449;5585.0;1.0;1.0;1.0;0.0;0.41534767996913424;1.0;down;0.5
1450;5508.71;1.0;1.0;0.01975512910447786;0.9042933810375647;0.0;1.0;down;0.04785330948121924
1451;5503.36;1.0;1.0;0.5595125782813035;0.16956734273180482;0.0;0.9816185293601308;down;0.46607268578087413
1452;5559.26;1.0;1.0;1.0;0.0;1.0;1.0;down;0.5
1453;4735.44;1.0;1.0;0.274747651575608;1.0;1.0;1.0;down;0.5
1454;4352.0;1.0;1.0;0.0;0.7483560608781258;1.0;0.5489309923451476;down;0.14607276048405557
1455;4538.01;1.0;1.0;1.0;0.0;1.0;1.0;down;0.5
1456;4275.23;1.0;1.0;0.8403016573304583;0.1388844232961506;0.8851988942072465;1.0;down;0.48703766339706667
1457;4288.26;1.0;1.0;0.5985104243148648;0.5375693752441518;1.0;1.0;down;0.5
1458;3785.65;1.0;1.0;0.0;1.0;0.0;0.0;down;0.13781611912077527
1459;3938.89;1.0;1.0;1.0;0.0;0.0;1.0;down;0.5
1460;3727.34;1.0;0.4934163655708912;0.0;1.0;0.0;0.03180550115804412;down;0.0
1461;3771.01;1.0;0.0;0.0;1.0;0.0;0.0;down;0.0
1462;4220.16;1.0;0.0;0.7743491026899006;0.10633565329697968;0.0;0.0;down;0.4468321733515098
1463;4249.8;1.0;0.0;0.7726178992044246;0.0;0.0;0.2340072727360756;down;0.5
1464;3971.06;1.0;0.0;0.0;1.0;0.0;0.0;down;0.0
1465;4140.39;1.0;0.0;1.0;0.0;0.7148991553162057;0.0;down;0.5
1466;4102.05;1.0;0.0;1.0;0.5881191030598218;1.0;0.2034284595531323;down;0.5
1467;3834.34;1.0;0.0;0.26137621129374483;0.6851103091845068;1.0;0.0;down;0.33276120485422844
1468;3903.52;1.0;0.8985733225693965;1.0;0.0;1.0;1.0;down;0.5
1469;3696.69;1.0;1.0;1.0;0.0;1.0;1.0;down;0.5
1470;3437.26;1.0;1.0;1.0;1.0;1.0;1.0;down;0.5
1471;3380.68;1.0;0.0;0.0;1.0;0.32988699415237765;0.13659267209052495;down;0.0
1472;3398.8;1.0;0.0;0.0;1.0;0.0;0.0;down;0.0
1473;3529.75;1.0;0.0;1.0;0.0;0.0;1.0;down;0.5
1474;3408.0;1.0;0.0;0.27719783010325555;0.28895257946846564;0.42146024745441146;1.0;down;0.355523710265764
1475;3353.42;1.0;0.0;0.0;0.47341876268014466;0.3729871418433497;0.8521319801022862;down;0.2707972529113173
1476;3430.18;1.0;0.0;1.0;0.0;1.0;1.0;down;0.5
1477;3262.73;1.0;0.0;1.0;1.0;1.0;1.0;down;0.5
1478;3195.75;1.0;0.0;0.40151426447315514;0.8542901532770473;1.0;1.0;down;0.5
1479;3179.54;1.0;0.0;0.0;1.0;0.0;0.04401641931419899;down;0.0
1480;3193.78;1.0;0.0;0.0;1.0;0.0;0.0;down;0.0
1481;3496.73;1.0;0.0;0.0;1.0;0.0;0.0;no;0.0
1482;3667.16;1.0;0.0;0.0;1.0;0.0;0.0;no;0.0
1483;3811.13;0.0;0.0;0.0;0.0;0.0;0.0;no;0.0
